filename,x,y,w,h
akt-01,219,127,8,6
akt-01,478,132,324,14
akt-01,132,173,1012,20
akt-01,132,199,534,19
akt-01,132,241,1012,20
akt-01,132,267,387,20
akt-01,132,310,931,20
akt-01,979,982,177,18
akt-01,870,1008,286,17
akt-01,134,1103,439,20
akt-01,134,1128,918,20
akt-01,134,1175,997,20
akt-01,133,1203,217,14
akt-01,132,1247,666,323
akt-01,574,1248,125,27
akt-01,800,1272,272,19
akt-02,112,101,436,28
akt-02,248,153,902,19
akt-02,110,176,1010,21
akt-02,248,201,695,19
akt-02,249,238,801,21
akt-02,110,278,85,14
akt-02,248,262,805,44
akt-02,249,312,374,19
akt-02,110,350,504,20
akt-02,964,476,193,18
akt-02,855,503,171,18
akt-02,1078,503,79,18
akt-02,110,540,360,17
akt-02,110,564,633,20
akt-02,111,614,997,20
akt-02,110,642,308,15
akt-02,110,701,162,102
akt-02,512,746,35,13
akt-02,741,681,381,122
akt-02,196,806,228,77
akt-02,867,807,256,58
akt-02,235,882,9,4
akt-02,405,882,6,3
akt-02,208,886,8,6
akt-02,259,887,16,6
akt-02,371,884,9,7
akt-02,247,893,32,4
akt-02,199,897,5,8
akt-02,417,897,6,3
akt-02,198,908,22,11
akt-02,285,900,133,23
akt-02,202,922,22,9
akt-02,205,932,37,49
akt-02,288,935,119,49
akt-02,278,984,88,15
akt-02,268,990,48,4
akt-02,284,994,33,7
akt-02,873,1577,326,112
akt-03,453,75,319,26
akt-03,100,118,1018,173
akt-03,99,310,110,19
akt-03,1005,324,111,19
akt-03,87,844,1018,120
akt-03,100,1018,202,38
akt-03,587,1026,136,19
akt-03,71,1084,79,43
akt-03,97,1056,309,123
akt-03,584,1101,15,82
akt-03,649,1075,237,116
akt-03,579,1204,389,162
akt-03,567,1401,320,20
akt-03,568,1427,205,17
akt-03,567,1452,211,13
akt-03,567,1469,414,21
akt-03,568,1495,360,19
akt-03,568,1527,347,25
akt-03,571,1556,187,36
akt-03,825,1582,7,2
akt-03,123,1113,80,67
akt-03,594,1101,59,83
akt-03,661,1121,60,63
akt-04,825,21,55,26
akt-04,948,27,57,17
akt-04,82,57,1054,19
akt-04,82,84,146,16
akt-04,82,111,779,21
akt-04,316,166,585,28
akt-04,523,204,224,24
akt-04,79,275,603,20
akt-04,80,302,502,20
akt-04,80,330,119,19
akt-04,911,500,62,16
akt-04,1047,500,91,19
akt-04,868,527,106,19
akt-04,1059,528,79,18
akt-04,752,554,221,20
akt-04,1047,555,91,18
akt-04,78,629,1022,21
akt-04,77,652,1074,151
akt-04,77,902,123,16
akt-04,889,809,173,103
akt-04,888,931,161,14
akt-04,551,1041,9,2
akt-04,1118,1581,18,12
akt-04,1106,1598,17,20
akt-04,1075,1620,44,18
akt-04,1069,1638,94,25
akt-04,781,1673,334,58
akt-05,134,22,587,81
akt-05,905,38,215,65
akt-05,280,114,695,23
akt-05,365,179,525,23
akt-05,472,205,310,21
akt-05,504,267,242,21
akt-05,198,296,96,16
akt-05,934,299,117,16
akt-05,95,341,614,23
akt-05,156,643,1003,38
akt-05,94,684,525,22
akt-05,156,720,994,22
akt-05,94,750,329,16
akt-05,156,785,291,21
akt-05,695,786,210,21
akt-05,156,815,475,22
akt-05,694,817,393,21
akt-05,156,842,384,21
akt-05,694,848,111,16
akt-05,156,868,115,16
akt-05,155,913,185,169
akt-05,287,965,321,117
akt-05,694,914,342,170
akt-05,108,1086,294,126
akt-05,694,1088,229,80
akt-05,975,1510,99,19
akt-05,1000,1535,40,18
akt-05,232,1554,251,29
akt-05,926,1557,198,20
akt-05,61,1599,362,133
akt-05,533,1632,225,105
akt-05,699,106,61,7
akt-06,147,94,138,17
akt-06,752,94,92,18
akt-06,148,122,398,23
akt-06,752,123,230,22
akt-06,147,151,231,22
akt-06,149,179,451,23
akt-06,147,208,260,17
akt-06,510,308,305,23
akt-06,504,352,318,30
akt-06,389,400,24,11
akt-06,551,394,198,18
akt-06,222,479,916,20
akt-06,148,503,1022,20
akt-06,148,526,1022,20
akt-06,150,550,1019,19
akt-06,148,574,1021,20
akt-06,148,598,1022,20
akt-06,148,625,50,10
akt-06,946,779,52,14
akt-06,1088,779,71,15
akt-06,898,813,99,18
akt-06,1091,814,68,15
akt-06,805,848,192,19
akt-06,1088,849,71,15
akt-06,146,926,972,21
akt-06,146,951,844,22
akt-06,156,1087,236,19
akt-06,710,1088,116,15
akt-06,925,1088,163,19
akt-06,46,1155,302,274
akt-06,155,1112,384,117
akt-06,688,1233,251,108
akt-06,714,1107,362,122
akt-06,938,1112,194,19
akt-06,153,1431,4,5
akt-06,234,1428,84,24
akt-06,367,1436,111,19
akt-06,215,1459,59,14
akt-06,371,1413,16,8
akt-07,182,70,875,19
akt-07,271,102,697,21
akt-07,357,166,526,21
akt-07,192,222,94,15
akt-07,926,222,117,16
akt-07,151,267,1000,22
akt-07,89,293,1063,22
akt-07,89,320,445,73
akt-07,650,320,501,48
akt-07,151,398,1000,22
akt-07,89,424,1061,22
akt-07,89,451,429,19
akt-07,150,714,1001,21
akt-07,89,741,533,21
akt-07,150,776,1001,22
akt-07,88,803,336,21
akt-07,149,829,16,16
akt-07,1141,830,8,3
akt-07,166,834,985,16
akt-07,89,860,91,16
akt-07,150,896,290,21
akt-07,687,896,206,21
akt-07,150,927,402,21
akt-07,686,927,401,21
akt-07,150,954,462,21
akt-07,686,954,302,21
akt-07,150,1000,27,20
akt-07,276,1000,73,5
akt-07,177,1004,114,21
akt-07,343,1005,37,18
akt-07,229,1025,18,10
akt-07,384,1027,8,6
akt-07,323,1038,18,6
akt-07,150,1043,284,106
akt-07,633,1154,233,204
akt-07,665,1117,157,96
akt-07,973,1110,217,77
akt-07,496,1538,138,115
akt-07,733,1563,97,46
akt-07,891,1537,142,153
akt-07,150,1153,163,35
akt-08,154,65,900,25
akt-08,205,96,798,29
akt-08,342,162,526,24
akt-08,453,188,305,23
akt-08,178,256,93,15
akt-08,913,248,115,17
akt-08,75,292,1063,55
akt-08,75,346,1064,29
akt-08,779,374,21,17
akt-08,927,374,8,3
akt-08,75,376,684,26
akt-08,831,377,308,18
akt-08,77,407,1061,44
akt-08,77,450,1063,31
akt-08,77,490,70,12
akt-08,140,770,995,30
akt-08,78,803,498,23
akt-08,140,835,1002,29
akt-08,77,869,338,22
akt-08,1133,887,8,3
akt-08,140,891,1002,24
akt-08,79,927,90,16
akt-08,141,963,284,20
akt-08,679,956,205,22
akt-08,141,992,473,22
akt-08,679,984,463,24
akt-08,141,1017,422,22
akt-08,143,1069,88,18
akt-08,679,1062,92,20
akt-08,60,1092,215,212
akt-08,159,1097,14,8
akt-08,615,1303,85,108
akt-08,617,1110,536,197
akt-08,515,1588,160,106
akt-08,777,1627,24,30
akt-08,883,1579,137,133
akt-08,701,1215,147,204
akt-08,280,1224,25,20
akt-09,132,19,986,82
akt-09,277,114,696,23
akt-09,362,179,526,22
akt-09,470,205,310,20
akt-09,502,266,241,21
akt-09,196,296,95,16
akt-09,932,298,117,16
akt-09,93,341,613,22
akt-09,154,555,1003,21
akt-09,92,580,408,22
akt-09,154,616,995,22
akt-09,92,646,333,17
akt-09,155,682,285,21
akt-09,694,682,204,21
akt-09,154,712,475,22
akt-09,693,713,393,21
akt-09,155,739,384,21
akt-09,693,744,110,16
akt-09,154,764,116,17
akt-09,155,809,259,168
akt-09,286,814,53,11
akt-09,415,860,192,30
akt-09,693,806,135,172
akt-09,928,809,104,110
akt-09,117,981,238,113
akt-09,694,982,257,117
akt-09,288,1466,250,24
akt-09,77,1528,116,155
akt-09,237,1504,204,139
akt-09,524,1566,225,92
akt-09,950,1530,199,71
schet_fact-01,71,63,604,22
schet_fact-01,1489,62,205,30
schet_fact-01,72,91,316,17
schet_fact-01,1552,94,142,15
schet_fact-01,1505,111,185,14
schet_fact-01,1339,127,356,14
schet_fact-01,1650,145,45,14
schet_fact-01,74,163,410,16
schet_fact-01,73,185,390,17
schet_fact-01,74,207,334,16
schet_fact-01,74,231,285,15
schet_fact-01,74,253,927,17
schet_fact-01,74,276,607,16
schet_fact-01,74,299,640,16
schet_fact-01,73,321,519,17
schet_fact-01,74,344,348,16
schet_fact-01,74,367,384,17
schet_fact-01,73,391,634,17
schet_fact-01,73,680,202,16
schet_fact-01,556,681,121,16
schet_fact-01,1018,681,144,17
schet_fact-01,73,703,238,13
schet_fact-01,410,704,85,12
schet_fact-01,557,701,392,16
schet_fact-01,1018,704,238,13
schet_fact-01,423,723,60,14
schet_fact-01,745,724,47,13
schet_fact-01,1317,724,60,14
schet_fact-01,1547,725,47,14
schet_fact-01,74,749,8,12
schet_fact-01,194,748,5,3
schet_fact-01,84,751,257,13
schet_fact-01,73,771,238,13
schet_fact-01,466,791,60,14
schet_fact-01,773,791,47,15
schet_fact-01,1038,792,287,14
schet_fact-01,1025,809,314,13
schet_fact-02,1188,65,481,10
schet_fact-02,1228,77,441,11
schet_fact-02,59,90,524,23
schet_fact-02,59,122,263,21
schet_fact-02,56,150,503,13
schet_fact-02,54,168,402,13
schet_fact-02,55,186,268,13
schet_fact-02,55,204,226,13
schet_fact-02,54,222,722,15
schet_fact-02,54,241,258,13
schet_fact-02,54,259,194,12
schet_fact-02,53,277,339,13
schet_fact-02,53,295,279,12
schet_fact-02,53,312,314,13
schet_fact-02,53,330,527,14
schet_fact-02,50,540,192,28
schet_fact-02,345,530,190,40
schet_fact-02,656,542,193,28
schet_fact-02,943,538,32,34
schet_fact-02,1030,559,80,10
schet_fact-02,349,573,43,9
schet_fact-02,536,574,34,9
schet_fact-02,924,575,43,10
schet_fact-02,1107,576,34,9
schet_fact-02,451,593,196,10
schet_fact-02,1026,595,186,10
schet_fact-02,49,610,219,12
schet_fact-02,49,628,193,10
schet_fact-02,348,643,43,9
schet_fact-02,536,643,33,10
schet_fact-02,866,645,209,9
schet_fact-02,859,657,226,9
schet_fact-03,1466,90,148,19
schet_fact-03,1331,114,285,19
schet_fact-03,1413,138,203,20
schet_fact-03,1362,163,254,19
schet_fact-03,1063,185,554,20
schet_fact-03,196,216,309,20
schet_fact-03,584,224,141,13
schet_fact-03,814,224,21,17
schet_fact-03,196,256,225,18
schet_fact-03,469,268,7,3
schet_fact-03,584,263,64,12
schet_fact-03,814,265,29,16
schet_fact-03,297,311,439,21
schet_fact-03,1176,319,21,16
schet_fact-03,325,341,431,22
schet_fact-03,1172,349,29,16
schet_fact-03,211,372,365,18
schet_fact-03,1171,380,30,16
schet_fact-03,136,402,266,18
schet_fact-03,1176,411,21,17
schet_fact-03,145,431,717,38
schet_fact-03,1176,456,21,16
schet_fact-03,70,478,302,18
schet_fact-03,1176,487,21,16
schet_fact-03,273,510,303,18
schet_fact-03,1176,517,21,17
schet_fact-03,325,540,536,21
schet_fact-03,1172,548,29,16
schet_fact-03,189,570,387,18
schet_fact-03,1171,571,305,24
schet_fact-03,153,601,428,22
schet_fact-03,1176,610,21,16
schet_fact-03,56,632,661,19
schet_fact-03,1103,644,5,2
schet_fact-03,1568,634,20,16
schet_fact-03,126,997,441,69
schet_fact-03,662,1023,183,42
schet_fact-03,920,1024,278,46
schet_fact-03,1247,1044,82,28
schet_fact-03,1470,1026,134,44
schet_fact-03,126,1073,423,40
schet_fact-03,725,1074,57,18
schet_fact-03,1266,1075,77,45
schet_fact-03,1508,1079,57,18
schet_fact-03,126,1122,294,14
schet_fact-03,516,1144,77,16
schet_fact-03,762,1145,57,17
schet_fact-03,1072,1147,461,20
schet_fact-03,1159,1171,288,16
schet_fact-04,300,161,183,16
schet_fact-04,529,162,115,15
schet_fact-04,688,163,284,19
schet_fact-04,1260,163,404,26
schet_fact-04,301,189,182,16
schet_fact-04,577,198,19,3
schet_fact-04,688,194,21,11
schet_fact-04,829,199,20,3
schet_fact-04,957,194,22,12
schet_fact-04,287,231,61,13
schet_fact-04,564,231,521,15
schet_fact-04,1311,235,16,12
schet_fact-04,286,249,39,12
schet_fact-04,564,249,358,13
schet_fact-04,1311,252,23,13
schet_fact-04,287,266,129,13
schet_fact-04,564,267,145,11
schet_fact-04,1311,270,23,13
schet_fact-04,287,284,187,13
schet_fact-04,568,290,8,2
schet_fact-04,1311,288,16,13
schet_fact-04,287,302,180,13
schet_fact-04,563,308,4,2
schet_fact-04,1311,306,15,13
schet_fact-04,287,320,214,13
schet_fact-04,564,320,30,11
schet_fact-04,1311,324,15,13
schet_fact-04,287,338,70,13
schet_fact-04,564,338,115,13
schet_fact-04,1311,342,15,12
schet_fact-04,287,356,38,13
schet_fact-04,564,356,270,14
schet_fact-04,1311,360,22,12
schet_fact-04,287,373,139,13
schet_fact-04,563,374,146,11
schet_fact-04,1311,377,23,13
schet_fact-04,287,391,171,13
schet_fact-04,564,392,138,13
schet_fact-04,1311,395,15,13
schet_fact-04,287,409,511,14
schet_fact-04,1310,413,16,13
schet_fact-04,285,744,245,13
schet_fact-04,365,762,169,11
schet_fact-04,588,778,40,9
schet_fact-04,781,780,13,6
schet_fact-04,1090,780,210,10
schet_fact-04,1083,792,228,10
schet_fact-04,1615,1174,39,26
schet_fact-04,1595,1201,103,22
schet_fact-05,1608,74,77,9
schet_fact-05,1426,86,260,11
schet_fact-05,1549,101,137,9
schet_fact-05,1377,113,309,12
schet_fact-05,77,132,553,27
schet_fact-05,1552,128,131,10
schet_fact-05,78,161,265,23
schet_fact-05,75,186,496,17
schet_fact-05,74,203,412,17
schet_fact-05,75,219,274,15
schet_fact-05,75,236,189,16
schet_fact-05,75,253,198,16
schet_fact-05,75,270,265,15
schet_fact-05,74,287,204,15
schet_fact-05,73,304,492,17
schet_fact-05,74,321,285,14
schet_fact-05,74,339,319,15
schet_fact-05,70,760,222,15
schet_fact-05,69,780,197,12
schet_fact-05,368,797,43,10
schet_fact-05,553,799,33,9
schet_fact-05,886,800,208,8
schet_fact-05,875,812,226,10
schet_fact-06,63,13,454,21
schet_fact-06,64,43,267,22
schet_fact-06,61,71,228,13
schet_fact-06,60,90,508,15
schet_fact-06,61,108,277,13
schet_fact-06,60,127,234,14
schet_fact-06,60,145,759,18
schet_fact-06,60,164,267,14
schet_fact-06,60,183,542,16
schet_fact-06,60,201,449,15
schet_fact-06,60,219,290,13
schet_fact-06,60,237,323,14
schet_fact-06,57,627,224,14
schet_fact-06,56,647,199,11
schet_fact-06,358,664,43,9
schet_fact-06,542,666,34,9
schet_fact-06,870,667,209,10
schet_fact-06,862,682,225,9
schet_fact-07,1192,53,481,13
schet_fact-07,1378,67,293,11
schet_fact-07,55,79,481,24
schet_fact-07,55,111,264,22
schet_fact-07,52,139,251,15
schet_fact-07,51,157,372,14
schet_fact-07,52,176,273,13
schet_fact-07,52,189,902,18
schet_fact-07,52,208,760,17
schet_fact-07,52,231,216,12
schet_fact-07,722,229,12,7
schet_fact-07,52,248,194,13
schet_fact-07,52,265,389,14
schet_fact-07,52,283,286,13
schet_fact-07,52,301,316,13
schet_fact-07,52,318,519,15
schet_fact-07,51,346,237,13
schet_fact-07,54,692,199,27
schet_fact-07,375,695,27,23
schet_fact-07,462,704,101,10
schet_fact-07,725,686,196,28
schet_fact-07,988,665,48,72
schet_fact-07,1099,699,99,10
schet_fact-07,54,761,224,12
schet_fact-07,54,777,199,11
schet_fact-07,963,786,229,21
schet_fact-07,1208,716,34,9
schet_fact-07,573,721,34,9
schet_fact-07,355,722,45,9
schet_fact-07,574,790,34,9
schet_fact-07,356,791,45,9
schet_fact-08,1194,48,482,10
schet_fact-08,56,67,481,22
schet_fact-08,1380,62,293,9
schet_fact-08,57,98,264,21
schet_fact-08,53,126,252,13
schet_fact-08,52,145,372,12
schet_fact-08,53,163,273,12
schet_fact-08,53,179,902,14
schet_fact-08,53,198,760,13
schet_fact-08,53,217,216,12
schet_fact-08,723,218,12,7
schet_fact-08,53,234,198,13
schet_fact-08,52,252,390,13
schet_fact-08,53,270,286,13
schet_fact-08,53,288,316,12
schet_fact-08,53,306,518,13
schet_fact-08,52,332,236,13
schet_fact-08,53,610,198,28
schet_fact-08,376,598,33,40
schet_fact-08,460,625,101,10
schet_fact-08,724,609,195,28
schet_fact-08,1024,605,21,32
schet_fact-08,1096,624,101,10
schet_fact-08,355,642,44,9
schet_fact-08,571,642,34,9
schet_fact-08,991,641,44,10
schet_fact-08,1207,641,34,9
schet_fact-08,54,679,222,13
schet_fact-08,388,690,7,2
schet_fact-08,1006,678,12,11
schet_fact-08,54,697,198,10
schet_fact-08,355,711,44,9
schet_fact-08,572,711,34,9
schet_fact-08,968,710,211,9
schet_fact-08,961,721,230,9
schet_fact-09,1188,65,481,10
schet_fact-09,1228,77,441,11
schet_fact-09,59,90,524,23
schet_fact-09,59,122,263,21
schet_fact-09,56,150,503,13
schet_fact-09,54,168,402,13
schet_fact-09,55,186,268,13
schet_fact-09,55,204,226,13
schet_fact-09,54,222,722,15
schet_fact-09,54,241,258,13
schet_fact-09,54,259,194,12
schet_fact-09,53,277,339,13
schet_fact-09,53,295,279,12
schet_fact-09,53,312,314,13
schet_fact-09,53,330,527,14
schet_fact-09,50,540,192,28
schet_fact-09,345,530,190,40
schet_fact-09,656,542,193,28
schet_fact-09,943,538,32,34
schet_fact-09,1030,559,80,10
schet_fact-09,349,573,43,9
schet_fact-09,536,574,34,9
schet_fact-09,924,575,43,10
schet_fact-09,1107,576,34,9
schet_fact-09,451,593,196,10
schet_fact-09,1026,595,186,10
schet_fact-09,49,610,219,12
schet_fact-09,49,628,193,10
schet_fact-09,348,643,43,9
schet_fact-09,536,643,33,10
schet_fact-09,866,645,209,9
schet_fact-09,859,657,226,9
schet_fact-10,1185,64,489,10
schet_fact-10,1225,75,449,11
schet_fact-10,65,91,476,22
schet_fact-10,66,122,262,22
schet_fact-10,62,150,167,13
schet_fact-10,61,168,489,13
schet_fact-10,62,186,268,13
schet_fact-10,62,205,186,12
schet_fact-10,62,223,179,12
schet_fact-10,62,240,257,13
schet_fact-10,62,258,193,13
schet_fact-10,61,276,485,13
schet_fact-10,62,294,278,13
schet_fact-10,62,311,313,13
schet_fact-10,62,330,509,13
schet_fact-10,61,604,193,28
schet_fact-10,378,593,187,39
schet_fact-10,666,604,193,28
schet_fact-10,910,588,235,45
schet_fact-10,62,673,217,12
schet_fact-10,360,636,43,9
schet_fact-10,546,636,33,9
schet_fact-10,914,637,84,38
schet_fact-10,1117,637,33,10
schet_fact-10,61,690,193,11
schet_fact-10,359,705,44,9
schet_fact-10,546,705,33,9
schet_fact-10,880,707,206,8
schet_fact-10,869,717,227,10
schet_fact-11,22,53,478,21
schet_fact-11,1505,42,216,30
schet_fact-11,23,81,225,17
schet_fact-11,1571,75,151,30
schet_fact-11,1299,110,429,18
schet_fact-11,28,147,476,20
schet_fact-11,54,179,385,19
schet_fact-11,55,211,357,18
schet_fact-11,28,257,307,16
schet_fact-11,29,279,1028,25
schet_fact-11,29,316,469,19
schet_fact-11,29,361,283,18
schet_fact-11,55,391,456,20
schet_fact-11,56,423,372,18
schet_fact-11,30,466,409,17
schet_fact-11,29,496,568,21
schet_fact-11,28,532,660,23
schet_fact-11,28,877,177,57
schet_fact-11,318,917,89,14
schet_fact-11,483,892,185,37
schet_fact-11,1015,865,174,59
schet_fact-11,29,979,537,18
schet_fact-11,1211,994,506,32
schet_fact-11,616,1151,334,33
schet_fact-11,1091,1146,641,34
schet_fact-11,616,1185,457,17
schet_fact-11,1091,1199,476,17
schet_fact-11,1557,928,50,15
schet_fact-11,1288,931,62,15
schet_fact-11,701,937,49,15
schet_fact-11,332,941,62,15
schet_fact-11,980,998,49,15
schet_fact-11,661,1001,62,15
schet_fact-12,1187,73,477,10
schet_fact-12,1227,84,438,10
schet_fact-12,76,99,474,24
schet_fact-12,77,131,261,21
schet_fact-12,73,159,261,13
schet_fact-12,72,177,493,13
schet_fact-12,73,195,267,13
schet_fact-12,73,214,200,12
schet_fact-12,73,232,178,13
schet_fact-12,72,250,258,13
schet_fact-12,72,268,514,14
schet_fact-12,72,286,401,14
schet_fact-12,72,304,278,13
schet_fact-12,72,322,313,13
schet_fact-12,72,340,508,15
schet_fact-12,71,549,475,116
schet_fact-12,674,559,475,62
schet_fact-12,369,670,44,10
schet_fact-12,554,671,33,10
schet_fact-12,882,672,208,10
schet_fact-12,875,684,225,9
schet_fact-12,1617,1165,106,58
schet_fact-12,555,601,32,10
schet_fact-12,1121,603,33,9
schet_fact-13,1483,27,148,19
schet_fact-13,1350,51,283,19
schet_fact-13,1429,74,204,19
schet_fact-13,1380,98,253,19
schet_fact-13,1087,121,547,21
schet_fact-13,217,160,312,19
schet_fact-13,608,164,143,15
schet_fact-13,839,164,21,17
schet_fact-13,217,199,283,19
schet_fact-13,608,204,67,13
schet_fact-13,839,204,29,17
schet_fact-13,318,248,809,37
schet_fact-13,1199,269,20,16
schet_fact-13,347,299,449,19
schet_fact-13,1195,299,28,17
schet_fact-13,232,329,369,17
schet_fact-13,1194,330,30,17
schet_fact-13,156,360,270,17
schet_fact-13,1199,360,21,17
schet_fact-13,428,393,6,2
schet_fact-13,673,379,12,2
schet_fact-13,165,398,231,16
schet_fact-13,1199,404,21,17
schet_fact-13,88,433,308,18
schet_fact-13,1199,434,21,17
schet_fact-13,293,465,311,17
schet_fact-13,1199,465,21,17
schet_fact-13,346,494,601,20
schet_fact-13,1195,487,298,25
schet_fact-13,204,525,400,17
schet_fact-13,1194,518,206,25
schet_fact-13,173,557,437,19
schet_fact-13,1199,557,21,17
schet_fact-13,72,586,671,19
schet_fact-13,1130,592,5,2
schet_fact-13,1586,579,20,17
schet_fact-13,782,607,17,2
schet_fact-13,144,993,464,122
schet_fact-13,669,1000,223,61
schet_fact-13,946,992,665,116
schet_fact-13,145,1114,345,18
schet_fact-13,145,1141,300,15
schet_fact-13,541,1160,79,16
schet_fact-13,790,1159,56,17
schet_fact-13,1099,1158,455,17
schet_fact-13,1184,1178,285,18
schet_fact-13,1529,1086,55,18
schet_fact-13,752,1089,57,17
schet_fact-14,1486,29,148,19
schet_fact-14,1355,53,281,19
schet_fact-14,1435,76,200,19
schet_fact-14,1386,99,249,20
schet_fact-14,1092,123,544,21
schet_fact-14,222,161,313,19
schet_fact-14,614,166,143,15
schet_fact-14,844,165,21,17
schet_fact-14,222,201,284,18
schet_fact-14,614,206,66,13
schet_fact-14,844,206,29,16
schet_fact-14,324,249,809,37
schet_fact-14,1203,271,21,16
schet_fact-14,743,289,14,2
schet_fact-14,351,300,450,19
schet_fact-14,1199,301,29,17
schet_fact-14,237,331,371,17
schet_fact-14,1199,332,30,16
schet_fact-14,161,362,270,17
schet_fact-14,741,350,7,2
schet_fact-14,1203,362,21,17
schet_fact-14,169,399,231,17
schet_fact-14,1203,406,21,16
schet_fact-14,92,435,308,18
schet_fact-14,1203,436,21,17
schet_fact-14,300,467,310,16
schet_fact-14,1203,467,21,17
schet_fact-14,703,485,43,2
schet_fact-14,352,496,602,19
schet_fact-14,1200,489,297,25
schet_fact-14,209,527,401,16
schet_fact-14,1199,519,205,26
schet_fact-14,178,558,437,19
schet_fact-14,1204,559,20,17
schet_fact-14,78,588,671,19
schet_fact-14,1135,594,5,2
schet_fact-14,1588,581,21,16
schet_fact-14,149,902,286,130
schet_fact-14,535,895,67,87
schet_fact-14,674,899,223,62
schet_fact-14,952,898,480,111
schet_fact-14,1498,919,116,15
schet_fact-14,150,1040,300,12
schet_fact-14,241,1053,5,2
schet_fact-14,748,1053,8,2
schet_fact-14,547,1059,78,17
schet_fact-14,796,1058,56,17
schet_fact-14,1104,1057,452,18
schet_fact-14,1188,1078,285,18
schet_fact-14,1531,986,55,18
schet_fact-14,759,988,56,18
schet_fact-14,538,989,42,17
schet_fact-15,1212,64,462,11
schet_fact-15,1249,75,426,11
schet_fact-15,67,100,485,24
schet_fact-15,68,133,251,21
schet_fact-15,64,157,425,15
schet_fact-15,64,174,531,15
schet_fact-15,65,193,261,12
schet_fact-15,65,211,793,29
schet_fact-15,65,243,251,13
schet_fact-15,65,260,197,14
schet_fact-15,65,276,376,15
schet_fact-15,66,294,271,13
schet_fact-15,66,310,305,13
schet_fact-15,66,326,495,15
schet_fact-15,68,582,8,116
schet_fact-15,1005,618,93,85
schet_fact-15,866,620,117,85
schet_fact-15,529,623,33,74
schet_fact-15,835,687,30,18
schet_fact-15,974,686,30,18
schet_fact-16,1194,52,480,12
schet_fact-16,1380,65,292,11
schet_fact-16,60,76,479,24
schet_fact-16,61,108,261,22
schet_fact-16,58,136,254,14
schet_fact-16,57,154,368,14
schet_fact-16,58,173,270,12
schet_fact-16,58,187,898,16
schet_fact-16,58,205,943,17
schet_fact-16,58,228,213,12
schet_fact-16,724,226,12,7
schet_fact-16,58,245,195,13
schet_fact-16,57,262,387,14
schet_fact-16,58,281,282,13
schet_fact-16,58,298,313,13
schet_fact-16,58,316,515,13
schet_fact-16,57,343,234,13
schet_fact-16,439,604,8,11
schet_fact-16,1030,603,10,10
schet_fact-16,59,622,196,28
schet_fact-16,426,635,139,11
schet_fact-16,727,619,195,27
schet_fact-16,1099,631,100,10
schet_fact-16,60,691,220,13
schet_fact-16,60,709,195,10
schet_fact-16,359,723,44,8
schet_fact-16,576,721,28,9
schet_fact-16,964,719,230,20
schet_fact-16,670,889,119,24
schet_fact-16,836,918,15,4
schet_fact-16,885,922,18,12
schet_fact-16,645,936,112,23
schet_fact-16,819,935,7,5
schet_fact-16,1210,648,33,9
schet_fact-16,994,650,40,8
schet_fact-16,576,652,27,9
schet_fact-16,359,653,44,9
schet_fact-17,1199,61,465,9
schet_fact-17,1234,73,442,10
schet_fact-17,69,92,599,23
schet_fact-17,69,121,264,23
schet_fact-17,67,152,304,14
schet_fact-17,66,168,461,14
schet_fact-17,67,186,277,13
schet_fact-17,67,203,199,13
schet_fact-17,67,218,939,14
schet_fact-17,1621,219,6,9
schet_fact-17,66,236,264,14
schet_fact-17,66,253,193,14
schet_fact-17,66,270,409,13
schet_fact-17,66,287,286,13
schet_fact-17,66,304,320,13
schet_fact-17,66,539,195,31
schet_fact-17,337,529,189,40
schet_fact-17,666,538,198,30
schet_fact-17,918,526,181,41
schet_fact-17,363,573,43,10
schet_fact-17,547,573,33,9
schet_fact-17,943,571,34,10
schet_fact-17,1117,572,33,10
schet_fact-17,66,624,220,13
schet_fact-17,66,643,195,11
schet_fact-17,363,657,43,10
schet_fact-17,548,657,32,10
schet_fact-17,877,655,204,8
schet_fact-17,868,667,227,9
schet_fact-18,1197,49,479,12
schet_fact-18,1382,62,292,11
schet_fact-18,61,73,480,23
schet_fact-18,62,105,263,22
schet_fact-18,58,133,251,13
schet_fact-18,57,151,371,13
schet_fact-18,58,169,272,13
schet_fact-18,58,184,900,16
schet_fact-18,58,202,945,16
schet_fact-18,58,224,216,12
schet_fact-18,727,223,12,8
schet_fact-18,58,242,198,12
schet_fact-18,58,259,389,13
schet_fact-18,58,277,283,13
schet_fact-18,58,295,316,13
schet_fact-18,58,313,538,13
schet_fact-18,58,340,235,12
schet_fact-18,59,619,198,27
schet_fact-18,364,652,38,6
schet_fact-18,581,649,30,9
schet_fact-18,1005,648,31,7
schet_fact-18,1212,646,33,8
schet_fact-18,60,688,222,12
schet_fact-18,59,706,198,10
schet_fact-18,369,721,33,6
schet_fact-18,578,719,33,8
schet_fact-18,973,716,212,9
schet_fact-18,966,727,230,9
schet_fact-18,641,862,233,64
schet_fact-19,1196,56,481,12
schet_fact-19,1386,69,289,11
schet_fact-19,61,82,481,25
schet_fact-19,62,115,263,22
schet_fact-19,59,143,256,14
schet_fact-19,58,161,371,14
schet_fact-19,59,180,272,13
schet_fact-19,59,193,900,18
schet_fact-19,59,211,945,18
schet_fact-19,59,235,216,12
schet_fact-19,728,233,12,8
schet_fact-19,59,253,194,13
schet_fact-19,59,269,388,14
schet_fact-19,59,288,284,13
schet_fact-19,59,305,315,13
schet_fact-19,59,322,518,15
schet_fact-19,59,350,236,14
schet_fact-19,61,700,221,12
schet_fact-19,61,716,199,11
schet_fact-19,968,725,227,20
schet_fact-19,767,946,132,24
schet_fact-19,827,982,33,9
schet_fact-19,776,1006,17,4
schet_fact-19,917,995,8,5
schet_fact-19,1214,653,33,9
schet_fact-19,997,655,44,9
schet_fact-19,579,659,34,9
schet_fact-19,362,661,44,9
schet_fact-19,584,728,29,8
schet_fact-19,362,731,42,7
schet_fact-20,1193,35,482,10
schet_fact-20,57,52,481,23
schet_fact-20,1380,49,292,9
schet_fact-20,57,83,263,22
schet_fact-20,54,112,251,13
schet_fact-20,53,130,370,12
schet_fact-20,54,148,272,12
schet_fact-20,54,165,900,14
schet_fact-20,54,184,759,12
schet_fact-20,54,202,215,12
schet_fact-20,722,204,13,7
schet_fact-20,54,220,193,12
schet_fact-20,53,238,388,12
schet_fact-20,54,256,284,12
schet_fact-20,54,273,314,13
schet_fact-20,54,292,517,12
schet_fact-20,53,318,235,12
schet_fact-20,54,629,197,28
schet_fact-20,378,609,19,44
schet_fact-20,460,644,101,10
schet_fact-20,723,628,195,28
schet_fact-20,1002,636,22,15
schet_fact-20,1095,643,100,11
schet_fact-20,353,661,45,9
schet_fact-20,572,661,33,9
schet_fact-20,989,661,44,9
schet_fact-20,1206,661,33,9
schet_fact-20,369,685,5,8
schet_fact-20,987,685,3,9
schet_fact-20,54,698,222,12
schet_fact-20,54,716,197,10
schet_fact-20,354,730,44,9
schet_fact-20,572,730,33,9
schet_fact-20,966,730,212,8
schet_fact-20,959,741,231,9
schet_opl-01,83,242,632,29
schet_opl-01,926,246,98,19
schet_opl-01,81,305,918,19
schet_opl-01,81,328,591,21
schet_opl-01,80,365,954,18
schet_opl-01,215,391,225,18
schet_opl-01,93,410,903,21
schet_opl-01,84,433,866,22
schet_opl-01,216,462,386,18
schet_opl-01,80,497,94,14
schet_opl-01,217,497,588,18
schet_opl-01,853,705,56,14
schet_opl-01,979,704,82,17
schet_opl-01,748,729,161,17
schet_opl-01,988,729,72,17
schet_opl-01,769,753,140,15
schet_opl-01,979,753,82,17
schet_opl-01,78,778,411,18
schet_opl-01,77,802,598,18
schet_opl-01,77,837,92,15
schet_opl-01,77,860,623,19
schet_opl-01,77,883,903,18
schet_opl-01,77,905,936,19
schet_opl-01,77,932,80,14
schet_opl-01,77,987,132,18
schet_opl-01,513,989,106,13
schet_opl-01,664,987,92,18
schet_opl-01,861,990,24,14
schet_opl-01,952,988,110,13
schet_opl-01,338,1013,23,20
schet_opl-01,836,1020,19,12
schet_opl-01,875,1066,143,27
schet_opl-01,873,1095,179,51
schet_opl-01,103,1231,146,20
schet_opl-01,103,1255,183,21
schet_opl-01,108,1285,122,20
schet_opl-01,320,1519,82,23
schet_opl-01,249,1544,189,25
schet_opl-01,320,1575,57,18
schet_opl-01,226,1602,314,41
schet_opl-01,832,1610,266,48
schet_opl-02,239,83,765,18
schet_opl-02,244,101,764,19
schet_opl-02,312,120,624,18
schet_opl-02,493,156,261,15
schet_opl-02,73,405,580,30
schet_opl-02,70,475,96,17
schet_opl-02,253,476,858,22
schet_opl-02,252,499,635,20
schet_opl-02,70,548,100,18
schet_opl-02,253,550,909,22
schet_opl-02,253,573,199,18
schet_opl-02,70,617,108,18
schet_opl-02,252,619,899,22
schet_opl-02,251,642,398,20
schet_opl-02,68,681,71,17
schet_opl-02,253,682,600,20
schet_opl-02,964,797,53,14
schet_opl-02,1090,798,83,17
schet_opl-02,856,823,167,17
schet_opl-02,1091,824,82,17
schet_opl-02,878,849,138,14
schet_opl-02,1090,850,83,17
schet_opl-02,69,869,419,23
schet_opl-02,68,896,494,21
schet_opl-02,69,970,359,218
schet_opl-02,599,1002,127,62
schet_opl-02,967,977,119,14
schet_opl-02,22,1578,201,165
schet_opl-02,586,1304,546,309
schet_opl-02,898,1001,273,155
schet_opl-02,580,1069,38,80
schet_opl-02,669,1073,57,80
schet_opl-03,946,40,129,28
schet_opl-03,1057,67,6,2
schet_opl-03,938,200,74,90
schet_opl-03,1056,282,87,22
schet_opl-03,193,311,548,18
schet_opl-03,86,344,786,20
schet_opl-03,192,366,401,16
schet_opl-03,85,399,792,19
schet_opl-03,191,421,660,17
schet_opl-03,192,441,120,17
schet_opl-03,84,474,398,18
schet_opl-03,723,1068,51,13
schet_opl-03,829,1068,74,15
schet_opl-03,627,1090,141,15
schet_opl-03,838,1090,65,15
schet_opl-03,646,1113,123,13
schet_opl-03,829,1113,74,16
schet_opl-03,79,1135,382,18
schet_opl-03,77,1158,616,18
schet_opl-03,832,1178,8,2
schet_opl-03,935,1210,18,13
schet_opl-03,326,1239,214,258
schet_opl-03,753,1235,215,44
schet_opl-03,804,1523,148,16
schet_opl-03,928,1548,45,13
schet_opl-03,753,1632,192,23
schet_opl-03,1013,1644,5,11
schet_opl-03,1075,1620,8,35
schet_opl-03,86,233,795,75
schet_opl-04,215,156,844,64
schet_opl-04,132,312,3,13
schet_opl-04,143,443,644,35
schet_opl-04,142,515,969,68
schet_opl-04,141,608,870,29
schet_opl-04,147,678,664,24
schet_opl-04,914,970,51,15
schet_opl-04,1043,972,82,17
schet_opl-04,813,995,158,20
schet_opl-04,1120,1007,5,3
schet_opl-04,135,1022,584,79
schet_opl-04,828,1022,137,84
schet_opl-04,1043,1025,81,17
schet_opl-04,104,1671,197,31
schet_opl-05,642,53,158,15
schet_opl-05,475,68,324,17
schet_opl-05,135,94,86,35
schet_opl-05,323,90,476,72
schet_opl-05,939,117,131,14
schet_opl-05,97,209,544,32
schet_opl-05,94,273,998,49
schet_opl-05,93,335,1097,34
schet_opl-05,92,396,1073,42
schet_opl-05,1014,589,174,19
schet_opl-05,919,608,268,22
schet_opl-05,87,634,709,51
schet_opl-05,953,630,233,20
schet_opl-05,85,718,114,16
schet_opl-05,381,705,133,27
schet_opl-05,83,735,221,67
schet_opl-05,355,733,147,64
schet_opl-05,796,752,98,16
schet_opl-05,81,821,171,57
schet_opl-05,339,804,258,76
schet_opl-05,785,834,162,38
schet_opl-05,771,1288,231,97
schet_opl-05,771,1388,44,26
schet_opl-05,860,1401,101,15
schet_opl-05,907,1482,230,71
schet_opl-05,255,785,7,9
schet_opl-05,434,770,48,28
schet_opl-05,799,776,150,14
schet_opl-05,253,864,86,13
schet_opl-06,65,270,591,31
schet_opl-06,62,338,953,45
schet_opl-06,62,427,867,25
schet_opl-06,198,454,827,25
schet_opl-06,198,478,227,19
schet_opl-06,61,545,919,49
schet_opl-06,59,651,662,22
schet_opl-06,823,834,49,14
schet_opl-06,918,835,108,17
schet_opl-06,717,860,155,18
schet_opl-06,919,862,107,17
schet_opl-06,738,888,134,14
schet_opl-06,918,889,107,17
schet_opl-06,57,910,436,22
schet_opl-06,57,935,491,20
schet_opl-06,56,977,285,18
schet_opl-06,56,1002,623,24
schet_opl-06,56,1027,904,26
schet_opl-06,55,1054,937,26
schet_opl-06,56,1081,78,15
schet_opl-06,55,1165,130,18
schet_opl-06,488,1171,101,13
schet_opl-06,634,1171,92,18
schet_opl-06,835,1149,3,7
schet_opl-06,927,1175,100,13
schet_opl-06,369,1191,33,12
schet_opl-06,800,1195,62,25
schet_opl-06,567,1238,51,8
schet_opl-06,30,1244,805,388
schet_opl-06,100,1643,334,85
schet_opl-06,838,1361,26,215
schet_opl-06,934,1524,270,203
schet_opl-06,696,1669,60,27
schet_opl-06,868,1361,39,327
schet_opl-06,780,1674,101,23
schet_opl-06,523,1695,89,25
schet_opl-06,568,1679,19,18
schet_opl-06,644,1663,21,7
schet_opl-06,438,1671,84,55
schet_opl-06,608,1671,59,24
schet_opl-07,229,88,767,15
schet_opl-07,233,106,766,16
schet_opl-07,301,125,626,15
schet_opl-07,74,389,338,21
schet_opl-07,73,479,92,16
schet_opl-07,250,476,801,19
schet_opl-07,250,498,513,19
schet_opl-07,73,546,105,16
schet_opl-07,251,543,845,18
schet_opl-07,251,567,355,17
schet_opl-07,74,612,336,19
schet_opl-07,76,916,377,19
schet_opl-07,76,939,964,21
schet_opl-07,77,1029,126,17
schet_opl-07,686,1026,26,5
schet_opl-07,941,1024,153,15
schet_opl-07,344,1055,76,10
schet_opl-07,666,1053,57,10
schet_opl-07,941,1050,158,13
schet_opl-07,77,1099,270,17
schet_opl-07,593,1101,5,2
schet_opl-07,942,1095,152,14
schet_opl-07,666,1123,57,11
schet_opl-07,941,1120,159,14
schet_opl-07,541,1166,9,2
schet_opl-07,762,1146,435,24
schet_opl-07,752,1186,323,23
schet_opl-07,1120,1190,102,18
schet_opl-07,671,1259,9,5
schet_opl-07,770,1262,25,3
schet_opl-07,188,1265,625,260
schet_opl-07,347,1269,10,10
schet_opl-07,848,1436,242,81
schet_opl-07,162,1526,134,214
schet_opl-07,574,1690,155,45
schet_opl-07,600,1621,220,114
schet_opl-07,863,1524,282,207
schet_opl-07,909,1607,73,122
schet_opl-07,1035,1597,79,132
schet_opl-08,234,87,766,15
schet_opl-08,238,105,766,15
schet_opl-08,306,124,626,14
schet_opl-08,79,388,336,21
schet_opl-08,77,477,92,16
schet_opl-08,254,476,800,18
schet_opl-08,254,498,512,17
schet_opl-08,77,545,104,16
schet_opl-08,254,543,845,18
schet_opl-08,254,566,355,17
schet_opl-08,77,612,336,18
schet_opl-08,77,839,361,18
schet_opl-08,77,863,546,20
schet_opl-08,77,952,127,17
schet_opl-08,712,944,12,13
schet_opl-08,942,950,153,14
schet_opl-08,345,977,75,11
schet_opl-08,666,977,58,10
schet_opl-08,941,974,159,14
schet_opl-08,77,1021,271,18
schet_opl-08,689,1010,13,14
schet_opl-08,942,1020,153,14
schet_opl-08,666,1047,57,10
schet_opl-08,941,1044,159,14
schet_opl-08,704,1080,415,29
schet_opl-08,1179,1083,7,8
schet_opl-08,700,1124,390,29
schet_opl-08,1141,1119,62,16
schet_opl-08,176,1284,640,234
schet_opl-08,762,1281,8,3
schet_opl-08,823,1322,23,5
schet_opl-08,904,1440,256,99
schet_opl-08,201,1558,696,175
schet_opl-08,948,1546,215,187
schet_opl-08,906,1591,125,138
schet_opl-08,1038,1596,8,21
schet_opl-09,946,40,129,28
schet_opl-09,1057,67,6,2
schet_opl-09,938,200,74,90
schet_opl-09,1056,282,87,22
schet_opl-09,193,311,548,18
schet_opl-09,86,344,786,20
schet_opl-09,192,366,401,16
schet_opl-09,85,399,792,19
schet_opl-09,191,421,660,17
schet_opl-09,192,441,120,17
schet_opl-09,84,474,398,18
schet_opl-09,723,1068,51,13
schet_opl-09,829,1068,74,15
schet_opl-09,627,1090,141,15
schet_opl-09,838,1090,65,15
schet_opl-09,646,1113,123,13
schet_opl-09,829,1113,74,16
schet_opl-09,79,1135,382,18
schet_opl-09,77,1158,616,18
schet_opl-09,832,1178,8,2
schet_opl-09,935,1210,18,13
schet_opl-09,326,1239,214,258
schet_opl-09,753,1235,215,44
schet_opl-09,804,1523,148,16
schet_opl-09,928,1548,45,13
schet_opl-09,753,1632,192,23
schet_opl-09,1013,1644,5,11
schet_opl-09,1075,1620,8,35
schet_opl-09,86,233,795,75
schet_opl-10,83,242,632,29
schet_opl-10,926,246,98,19
schet_opl-10,81,305,918,19
schet_opl-10,81,328,591,21
schet_opl-10,80,365,954,18
schet_opl-10,215,391,225,18
schet_opl-10,93,410,903,21
schet_opl-10,84,433,866,22
schet_opl-10,216,462,386,18
schet_opl-10,80,497,94,14
schet_opl-10,217,497,588,18
schet_opl-10,853,705,56,14
schet_opl-10,979,704,82,17
schet_opl-10,748,729,161,17
schet_opl-10,988,729,72,17
schet_opl-10,769,753,140,15
schet_opl-10,979,753,82,17
schet_opl-10,78,778,411,18
schet_opl-10,77,802,598,18
schet_opl-10,77,837,92,15
schet_opl-10,77,860,623,19
schet_opl-10,77,883,903,18
schet_opl-10,77,905,936,19
schet_opl-10,77,932,80,14
schet_opl-10,77,987,132,18
schet_opl-10,513,989,106,13
schet_opl-10,664,987,92,18
schet_opl-10,861,990,24,14
schet_opl-10,952,988,110,13
schet_opl-10,338,1013,23,20
schet_opl-10,836,1020,19,12
schet_opl-10,875,1066,143,27
schet_opl-10,873,1095,179,51
schet_opl-10,103,1231,146,20
schet_opl-10,103,1255,183,21
schet_opl-10,108,1285,122,20
schet_opl-10,320,1519,82,23
schet_opl-10,249,1544,189,25
schet_opl-10,320,1575,57,18
schet_opl-10,226,1602,314,41
schet_opl-10,832,1610,266,48
schet_opl-11,1089,80,79,73
schet_opl-11,1079,159,37,102
schet_opl-11,76,339,87,15
schet_opl-11,212,340,799,18
schet_opl-11,75,363,738,18
schet_opl-11,76,399,91,17
schet_opl-11,212,400,861,18
schet_opl-11,75,423,81,17
schet_opl-11,214,424,474,18
schet_opl-11,75,459,85,14
schet_opl-11,212,460,504,18
schet_opl-11,859,576,54,13
schet_opl-11,968,576,99,15
schet_opl-11,762,599,145,15
schet_opl-11,969,600,98,15
schet_opl-11,785,623,128,14
schet_opl-11,968,623,99,16
schet_opl-11,76,646,398,18
schet_opl-11,76,681,819,18
schet_opl-11,76,729,83,14
schet_opl-11,76,787,388,194
schet_opl-11,75,185,546,118
schet_opl-11,624,277,123,26
schet_opl-11,908,246,169,72
schet_opl-12,218,89,768,16
schet_opl-12,222,107,767,17
schet_opl-12,290,127,628,14
schet_opl-12,962,326,217,103
schet_opl-12,1126,339,92,84
schet_opl-12,62,482,93,15
schet_opl-12,240,477,801,20
schet_opl-12,239,500,514,19
schet_opl-12,62,549,105,16
schet_opl-12,240,543,902,21
schet_opl-12,241,567,572,19
schet_opl-12,63,614,337,20
schet_opl-12,65,842,362,19
schet_opl-12,65,864,730,23
schet_opl-12,65,956,127,17
schet_opl-12,684,912,53,56
schet_opl-12,932,948,153,15
schet_opl-12,334,980,76,11
schet_opl-12,656,978,66,31
schet_opl-12,932,974,159,13
schet_opl-12,66,1024,271,18
schet_opl-12,683,1012,18,18
schet_opl-12,933,1018,153,15
schet_opl-12,657,1048,57,10
schet_opl-12,932,1044,159,13
schet_opl-12,414,1282,222,35
schet_opl-12,312,1679,182,56
schet_opl-12,546,1666,289,60
schet_opl-13,239,83,765,18
schet_opl-13,244,101,764,19
schet_opl-13,312,120,624,18
schet_opl-13,493,156,261,15
schet_opl-13,73,405,580,30
schet_opl-13,70,475,96,17
schet_opl-13,253,476,858,22
schet_opl-13,252,499,635,20
schet_opl-13,70,548,100,18
schet_opl-13,253,550,909,22
schet_opl-13,253,573,199,18
schet_opl-13,70,617,108,18
schet_opl-13,252,619,899,22
schet_opl-13,251,642,398,20
schet_opl-13,68,681,71,17
schet_opl-13,253,682,600,20
schet_opl-13,964,797,53,14
schet_opl-13,1090,798,83,17
schet_opl-13,856,823,167,17
schet_opl-13,1091,824,82,17
schet_opl-13,878,849,138,14
schet_opl-13,1090,850,83,17
schet_opl-13,69,869,419,23
schet_opl-13,68,896,494,21
schet_opl-13,69,970,359,218
schet_opl-13,599,1002,127,62
schet_opl-13,967,977,119,14
schet_opl-13,22,1578,201,165
schet_opl-13,586,1304,546,309
schet_opl-13,898,1001,273,155
schet_opl-13,580,1069,38,80
schet_opl-13,669,1073,57,80
schet_opl-14,802,81,361,27
schet_opl-14,662,125,504,21
schet_opl-14,282,155,884,22
schet_opl-14,82,376,550,27
schet_opl-14,79,445,1065,40
schet_opl-14,80,526,93,15
schet_opl-14,256,512,888,41
schet_opl-14,80,583,97,17
schet_opl-14,257,580,703,19
schet_opl-14,80,624,1041,42
schet_opl-14,79,672,390,15
schet_opl-14,971,812,57,14
schet_opl-14,1084,811,93,17
schet_opl-14,864,836,164,17
schet_opl-14,1105,836,72,17
schet_opl-14,886,862,142,13
schet_opl-14,1084,861,93,16
schet_opl-14,81,888,424,19
schet_opl-14,80,913,568,19
schet_opl-14,716,950,73,51
schet_opl-14,82,1016,126,18
schet_opl-14,278,1014,220,18
schet_opl-14,573,1003,191,29
schet_opl-14,929,1011,195,16
schet_opl-14,82,1112,175,17
schet_opl-14,348,1042,77,10
schet_opl-14,508,1037,49,85
schet_opl-14,705,1036,135,92
schet_opl-14,930,1037,195,86
schet_opl-14,617,1132,220,36
schet_opl-14,948,1133,159,14
schet_opl-14,632,1167,202,77
schet_opl-15,220,86,766,18
schet_opl-15,224,104,766,19
schet_opl-15,292,124,626,16
schet_opl-15,67,390,337,22
schet_opl-15,66,482,92,15
schet_opl-15,243,474,800,22
schet_opl-15,243,498,512,20
schet_opl-15,66,549,105,15
schet_opl-15,244,540,844,22
schet_opl-15,244,567,355,18
schet_opl-15,67,614,336,19
schet_opl-15,71,879,376,20
schet_opl-15,71,900,790,25
schet_opl-15,72,994,127,17
schet_opl-15,660,973,57,52
schet_opl-15,936,983,152,16
schet_opl-15,524,1044,3,6
schet_opl-15,697,1050,6,3
schet_opl-15,73,1063,270,18
schet_opl-15,685,1053,6,11
schet_opl-15,937,1054,152,16
schet_opl-15,579,1087,3,8
schet_opl-15,661,1085,57,11
schet_opl-15,936,1080,159,14
schet_opl-15,574,1101,6,2
schet_opl-15,730,1109,58,18
schet_opl-15,841,1104,371,25
schet_opl-15,647,1140,5,5
schet_opl-15,710,1143,499,29
schet_opl-15,699,1275,6,3
schet_opl-15,792,1266,14,4
schet_opl-15,193,1284,608,455
schet_opl-15,720,1305,457,435
schet_opl-15,935,1009,159,14
schet_opl-15,339,1018,76,10
schet_opl-16,904,31,264,40
schet_opl-16,585,90,142,17
schet_opl-16,153,114,1008,25
schet_opl-16,212,146,888,22
schet_opl-16,118,405,507,22
schet_opl-16,674,374,2,5
schet_opl-16,868,359,94,65
schet_opl-16,702,429,176,21
schet_opl-16,120,503,93,15
schet_opl-16,281,502,862,17
schet_opl-16,281,524,311,17
schet_opl-16,120,565,1026,18
schet_opl-16,283,589,311,16
schet_opl-16,120,629,95,16
schet_opl-16,280,628,802,17
schet_opl-16,279,650,770,17
schet_opl-16,120,690,962,17
schet_opl-16,280,712,769,17
schet_opl-16,993,876,48,14
schet_opl-16,1126,876,65,13
schet_opl-16,893,901,147,15
schet_opl-16,1141,901,52,13
schet_opl-16,913,926,127,13
schet_opl-16,1126,926,65,13
schet_opl-16,119,951,327,16
schet_opl-16,118,975,450,17
schet_opl-16,119,1058,198,16
schet_opl-16,574,1083,70,15
schet_opl-16,841,1083,54,15
schet_opl-16,119,1107,166,16
schet_opl-16,574,1132,70,15
schet_opl-16,841,1132,54,15
schet_opl-16,681,1511,349,72
schet_opl-17,52,169,48,74
schet_opl-17,208,162,9,74
schet_opl-17,55,279,622,34
schet_opl-17,54,342,971,56
schet_opl-17,55,408,964,56
schet_opl-17,195,466,52,19
schet_opl-17,56,505,399,20
schet_opl-17,831,663,62,15
schet_opl-17,945,660,101,19
schet_opl-17,722,690,172,20
schet_opl-17,1041,696,7,3
schet_opl-17,739,720,155,15
schet_opl-17,946,716,101,19
schet_opl-17,61,750,456,22
schet_opl-17,62,779,399,21
schet_opl-17,62,823,88,15
schet_opl-17,62,845,609,19
schet_opl-17,62,866,883,22
schet_opl-17,62,889,916,58
schet_opl-17,65,952,542,98
schet_opl-17,61,1578,11,34
schet_opl-17,17,1622,175,102
schet_opl-17,302,1621,269,86
schet_opl-17,102,175,105,67
schet_opl-17,246,1021,223,105
schet_opl-18,225,59,773,17
schet_opl-18,230,77,772,18
schet_opl-18,298,97,631,15
schet_opl-18,67,385,576,27
schet_opl-18,64,454,1071,40
schet_opl-18,65,521,1079,40
schet_opl-18,950,716,58,14
schet_opl-18,1065,716,93,16
schet_opl-18,842,741,166,17
schet_opl-18,1075,741,82,17
schet_opl-18,66,766,423,19
schet_opl-18,65,791,587,33
schet_opl-18,120,969,1090,301
schet_opl-18,844,1332,223,25
schet_opl-18,909,1380,95,21
schet_opl-18,808,1412,109,28
schet_opl-18,800,1446,159,24
schet_opl-18,723,1531,26,20
schet_opl-18,793,1467,351,86
schet_opl-18,566,1569,11,4
schet_opl-18,635,1566,11,3
schet_opl-18,108,1576,963,155
schet_opl-18,1182,1610,4,78
schet_opl-18,1001,1703,28,14
schet_opl-18,1079,1668,97,41
schet_opl-18,645,1661,93,59
schet_opl-18,926,1695,55,24
schet_opl-19,220,88,767,15
schet_opl-19,224,106,766,15
schet_opl-19,292,123,626,15
schet_opl-19,990,326,236,103
schet_opl-19,62,475,92,16
schet_opl-19,239,475,801,19
schet_opl-19,239,498,513,17
schet_opl-19,62,542,104,16
schet_opl-19,239,543,901,18
schet_opl-19,240,565,570,18
schet_opl-19,62,609,336,18
schet_opl-19,62,836,361,18
schet_opl-19,61,862,806,18
schet_opl-19,980,856,4,9
schet_opl-19,61,947,127,18
schet_opl-19,693,917,32,37
schet_opl-19,927,949,153,14
schet_opl-19,329,974,76,11
schet_opl-19,651,975,56,10
schet_opl-19,926,973,159,14
schet_opl-19,61,1018,271,18
schet_opl-19,725,1016,7,2
schet_opl-19,927,1019,152,15
schet_opl-19,655,1045,52,10
schet_opl-19,926,1043,159,14
schet_opl-19,363,1297,4,8
schet_opl-19,493,1280,6,7
schet_opl-19,347,1307,5,3
schet_opl-19,423,1308,112,28
schet_opl-19,595,1305,84,22
schet_opl-19,360,1661,515,74
schet_opl-20,238,88,767,15
schet_opl-20,242,105,766,17
schet_opl-20,310,124,626,15
schet_opl-20,978,328,248,102
schet_opl-20,79,476,92,16
schet_opl-20,257,476,800,20
schet_opl-20,256,499,513,17
schet_opl-20,79,543,104,17
schet_opl-20,257,544,900,19
schet_opl-20,257,566,571,18
schet_opl-20,79,611,336,18
schet_opl-20,79,838,361,19
schet_opl-20,78,863,806,19
schet_opl-20,78,949,127,17
schet_opl-20,707,916,51,44
schet_opl-20,944,951,153,14
schet_opl-20,346,976,76,10
schet_opl-20,668,977,57,10
schet_opl-20,943,975,159,14
schet_opl-20,78,1020,271,18
schet_opl-20,707,1011,22,23
schet_opl-20,944,1021,153,14
schet_opl-20,668,1047,57,11
schet_opl-20,943,1046,159,13
schet_opl-20,525,1282,57,26
schet_opl-20,335,1316,117,27
schet_opl-20,380,1669,559,60
schet_opl-21,139,17,795,178
schet_opl-21,161,224,746,16
schet_opl-21,385,239,300,13
schet_opl-21,402,281,267,15
schet_opl-21,292,445,455,23
schet_opl-21,141,486,69,12
schet_opl-21,258,487,225,13
schet_opl-21,140,504,46,12
schet_opl-21,258,505,139,12
schet_opl-21,141,522,341,14
schet_opl-21,135,707,238,12
schet_opl-21,134,720,367,14
schet_opl-22,124,15,960,135
schet_opl-22,381,188,448,19
schet_opl-22,370,392,471,27
schet_opl-22,126,465,118,18
schet_opl-22,296,464,717,20
schet_opl-22,126,488,103,16
schet_opl-22,294,487,400,20
schet_opl-22,126,510,556,21
schet_opl-22,127,853,408,19
schet_opl-22,128,879,596,19
schet_opl-22,103,925,357,147
schet_opl-22,607,952,149,111
schet_opl-22,100,1071,258,146
schet_opl-22,189,1216,78,15
schet_opl-22,742,1494,286,30
schet_opl-22,1075,1500,98,26
schet_opl-22,728,1571,140,30
schet_opl-22,1036,1568,5,28
schet_opl-22,124,132,108,20
schet_opl-22,430,983,175,84
schet_opl-23,139,17,795,178
schet_opl-23,161,224,746,16
schet_opl-23,385,239,300,13
schet_opl-23,402,281,267,15
schet_opl-23,292,445,455,23
schet_opl-23,141,486,69,12
schet_opl-23,258,487,225,13
schet_opl-23,140,504,46,12
schet_opl-23,258,505,139,12
schet_opl-23,141,522,341,14
schet_opl-23,135,707,238,12
schet_opl-23,134,720,367,14
