filename,img_h,img_w,x,y,w,h,chars,in_table,label,prediction
inv-0000,2339,1653,330,141,917,21,83,False,misc,misc
inv-0000,2339,1653,336,162,917,22,78,False,misc,misc
inv-0000,2339,1653,417,187,749,19,69,False,misc,misc
inv-0000,2339,1653,101,472,994,41,50,False,doc_id,info
inv-0000,2339,1653,1189,449,67,46,1,False,misc,misc
inv-0000,2339,1653,100,568,112,19,8,False,info,info
inv-0000,2339,1653,315,556,1109,29,84,False,info,info
inv-0000,2339,1653,316,586,628,26,50,False,info,info
inv-0000,2339,1653,100,647,120,21,10,False,info,info
inv-0000,2339,1653,317,636,1100,29,83,False,info,info
inv-0000,2339,1653,317,668,348,24,29,False,info,info
inv-0000,2339,1653,101,727,113,17,9,False,info,info
inv-0000,2339,1653,316,721,441,24,32,False,info,info
inv-0000,2339,1653,1247,900,252,21,18,False,total,total
inv-0000,2339,1653,1118,933,199,21,14,False,total,total
inv-0000,2339,1653,1367,931,132,21,10,False,total,total
inv-0000,2339,1653,1173,963,326,22,22,False,total,total
inv-0000,2339,1653,105,1001,548,24,39,False,verif,verif
inv-0000,2339,1653,106,1028,1012,27,71,False,verif,verif
inv-0000,2339,1653,1160,1111,328,24,24,False,misc,total
inv-0000,2339,1653,107,1151,156,20,12,False,misc,misc
inv-0000,2339,1653,323,1147,236,22,16,False,misc,misc
inv-0000,2339,1653,916,1149,72,44,3,False,misc,misc
inv-0000,2339,1653,990,1139,35,54,3,False,misc,misc
inv-0000,2339,1653,1150,1138,349,46,28,False,misc,misc
inv-0000,2339,1653,452,1207,90,14,9,False,misc,misc
inv-0000,2339,1653,897,1197,75,19,7,False,misc,misc
inv-0000,2339,1653,1268,1196,191,18,18,False,misc,misc
inv-0000,2339,1653,1232,1251,186,23,13,False,misc,misc
inv-0000,2339,1653,108,1288,332,22,26,False,misc,misc
inv-0000,2339,1653,914,1322,4,4,1,False,misc,misc
inv-0000,2339,1653,963,1289,19,17,1,False,misc,misc
inv-0000,2339,1653,1156,1279,341,45,40,False,misc,misc
inv-0000,2339,1653,888,1337,94,23,6,False,misc,misc
inv-0000,2339,1653,1270,1336,190,17,18,False,misc,misc
inv-0000,2339,1653,927,1372,44,11,2,False,misc,misc
inv-0000,2339,1653,109,1400,173,19,14,False,misc,misc
inv-0000,2339,1653,901,1387,69,29,2,False,misc,misc
inv-0000,2339,1653,1249,1391,162,17,12,False,misc,misc
inv-0000,2339,1653,865,1426,103,14,8,False,misc,misc
inv-0000,2339,1653,1271,1420,190,18,18,False,misc,misc
inv-0000,2339,1653,235,2111,108,25,8,False,misc,misc
inv-0000,2339,1653,143,2149,252,20,20,False,misc,misc
inv-0000,2339,1653,239,2186,76,18,6,False,misc,misc
inv-0000,2339,1653,75,2237,231,67,2,False,misc,misc
inv-0000,2339,1653,350,2245,392,62,9,False,misc,misc
inv-0000,2339,1653,800,2268,9,5,1,False,misc,misc
inv-0000,2339,1653,748,2306,18,8,2,False,misc,misc
inv-0022,2338,1654,178,98,7,5,1,False,misc,misc
inv-0022,2338,1654,309,94,59,13,4,False,misc,misc
inv-0022,2338,1654,437,78,13,11,1,False,misc,misc
inv-0022,2338,1654,108,107,2,10,1,False,misc,misc
inv-0022,2338,1654,304,115,6,5,1,False,misc,misc
inv-0022,2338,1654,429,112,2,8,1,False,misc,misc
inv-0022,2338,1654,476,470,688,47,24,False,doc_id,doc_id
inv-0022,2338,1654,99,561,128,24,10,False,info,info
inv-0022,2338,1654,334,563,1111,52,103,False,info,info
inv-0022,2338,1654,98,656,186,25,15,False,info,info
inv-0022,2338,1654,333,658,462,28,32,False,info,info
inv-0022,2338,1654,333,688,797,29,56,False,info,info
inv-0022,2338,1654,97,747,123,24,9,False,info,info
inv-0022,2338,1654,332,749,1187,63,157,False,info,info
inv-0022,2338,1654,1265,974,74,19,7,False,total,total
inv-0022,2338,1654,1447,976,97,23,7,False,total,total
inv-0022,2338,1654,1125,1006,213,24,14,False,total,total
inv-0022,2338,1654,1447,1009,96,23,7,False,total,total
inv-0022,2338,1654,93,1062,535,29,36,False,verif,verif
inv-0022,2338,1654,1151,1039,187,20,14,False,total,total
inv-0022,2338,1654,1446,1042,97,23,7,False,total,total
inv-0022,2338,1654,92,1096,715,29,47,False,verif,verif
inv-0022,2338,1654,97,1191,644,37,23,False,misc,misc
inv-0022,2338,1654,1012,1199,340,34,14,False,misc,misc
inv-0022,2338,1654,897,1306,5,4,1,False,misc,misc
inv-0022,2338,1654,1031,1307,7,5,1,False,misc,misc
inv-0022,2338,1654,90,1331,281,25,19,False,misc,misc
inv-0022,2338,1654,895,1317,111,29,3,False,misc,misc
inv-0022,2338,1654,1278,1342,137,19,9,False,misc,misc
inv-0022,2338,1654,874,1374,73,14,7,False,misc,misc
inv-0022,2338,1654,1240,1374,213,19,18,False,misc,misc
inv-0022,2338,1654,741,1406,12,4,1,False,misc,misc
inv-0022,2338,1654,1188,1402,3,15,1,False,misc,misc
inv-0022,2338,1654,89,1424,358,27,25,False,misc,misc
inv-0022,2338,1654,943,1417,132,39,7,False,misc,misc
inv-0022,2338,1654,1274,1435,143,21,9,False,misc,misc
inv-0022,2338,1654,873,1466,73,17,7,False,misc,misc
inv-0022,2338,1654,1026,1489,4,7,1,False,misc,misc
inv-0022,2338,1654,1153,1482,2,10,1,False,misc,misc
inv-0022,2338,1654,1240,1468,211,19,18,False,misc,misc
inv-0022,2338,1654,88,1516,159,20,11,False,misc,misc
inv-0022,2338,1654,786,1516,17,13,1,False,misc,misc
inv-0022,2338,1654,1266,1526,156,21,10,False,misc,misc
inv-0022,2338,1654,873,1559,73,15,7,False,misc,misc
inv-0022,2338,1654,1239,1560,211,18,18,False,misc,misc
inv-0024,2337,1653,680,23,570,70,19,False,misc,misc
inv-0024,2337,1653,1423,111,61,28,1,False,misc,misc
inv-0024,2337,1653,94,339,743,38,30,False,doc_id,doc_id
inv-0024,2337,1653,92,423,128,23,9,False,info,info
inv-0024,2337,1653,274,424,1091,29,72,False,info,info
inv-0024,2337,1653,92,454,445,27,29,False,info,info
inv-0024,2337,1653,92,504,134,24,9,False,info,info
inv-0024,2337,1653,274,504,1132,29,71,False,info,info
inv-0024,2337,1653,91,535,124,25,12,False,info,info
inv-0024,2337,1653,274,537,648,26,42,False,info,info
inv-0024,2337,1653,90,584,134,21,11,False,info,info
inv-0024,2337,1653,274,585,758,27,51,False,info,info
inv-0024,2337,1653,1120,773,76,20,7,False,total,total
inv-0024,2337,1653,1274,774,129,25,9,False,total,total
inv-0024,2337,1653,978,806,218,25,14,False,total,total
inv-0024,2337,1653,1287,808,116,24,8,False,total,total
inv-0024,2337,1653,1006,840,190,21,14,False,total,total
inv-0024,2337,1653,1274,842,128,24,9,False,total,total
inv-0024,2337,1653,90,871,567,26,39,False,verif,verif
inv-0024,2337,1653,88,904,923,26,58,False,verif,info
inv-0024,2337,1653,89,952,839,26,57,False,misc,misc
inv-0024,2337,1653,88,981,1216,29,82,False,misc,misc
inv-0024,2337,1653,88,1011,1253,28,84,False,misc,misc
inv-0024,2337,1653,89,1046,111,20,9,False,misc,misc
inv-0024,2337,1653,88,1150,176,25,12,False,misc,misc
inv-0024,2337,1653,570,1150,40,22,1,False,misc,misc
inv-0024,2337,1653,676,1154,138,18,11,False,misc,misc
inv-0024,2337,1653,868,1153,126,24,9,False,misc,misc
inv-0024,2337,1653,1265,1156,144,21,10,False,misc,misc
inv-0024,2337,1653,194,1179,346,175,27,False,misc,misc
inv-0024,2337,1653,697,1211,265,104,38,False,misc,misc
inv-0024,2337,1653,1093,1182,44,33,1,False,misc,misc
inv-0024,2337,1653,1193,1178,352,105,40,False,misc,misc
inv-0024,2337,1653,212,1355,16,23,1,False,misc,misc
inv-0024,2337,1653,457,1355,36,26,4,False,misc,misc
inv-0024,2337,1653,210,1380,62,58,5,False,misc,misc
inv-0024,2337,1653,412,1381,74,60,4,False,misc,misc
inv-0024,2337,1653,237,1440,174,25,9,False,misc,misc
inv-0024,2337,1653,315,1471,69,9,3,False,misc,misc
inv-0024,2337,1653,936,1976,323,57,7,False,misc,misc
inv-0024,2337,1653,1365,1987,256,38,6,False,misc,misc
inv-0024,2337,1653,1008,2073,259,89,4,False,misc,misc
inv-0024,2337,1653,342,1313,17,33,1,False,misc,misc
inv-0032,1653,2339,2159,76,108,13,13,False,misc,misc
inv-0032,1653,2339,2058,92,210,14,27,False,misc,misc
inv-0032,1653,2339,2119,108,150,14,17,False,misc,misc
inv-0032,1653,2339,2129,125,139,11,15,False,misc,misc
inv-0032,1653,2339,121,147,690,35,32,False,doc_id,doc_id
inv-0032,1653,2339,1856,138,412,17,45,False,misc,misc
inv-0032,1653,2339,122,191,367,30,20,False,doc_id,doc_id
inv-0032,1653,2339,117,229,307,18,25,False,info,info
inv-0032,1653,2339,116,254,592,22,51,False,info,info
inv-0032,1653,2339,117,278,380,19,34,False,info,info
inv-0032,1653,2339,117,304,285,19,27,False,info,info
inv-0032,1653,2339,117,328,275,20,25,False,info,info
inv-0032,1653,2339,117,354,367,20,30,False,info,info
inv-0032,1653,2339,117,379,866,25,80,False,info,info
inv-0032,1653,2339,115,404,920,25,79,False,info,info
inv-0032,1653,2339,117,429,396,19,37,False,info,info
inv-0032,1653,2339,117,454,445,21,40,False,info,info
inv-0032,1653,2339,117,480,608,23,59,False,info,info
inv-0032,1653,2339,184,779,275,41,47,False,misc,misc
inv-0032,1653,2339,535,768,231,55,12,False,misc,misc
inv-0032,1653,2339,992,775,576,55,50,False,misc,misc
inv-0032,1653,2339,150,898,309,19,30,False,misc,misc
inv-0032,1653,2339,530,925,61,14,9,False,misc,misc
inv-0032,1653,2339,789,927,47,14,5,False,misc,misc
inv-0032,1653,2339,1248,931,295,15,31,False,misc,misc
inv-0032,1653,2339,1237,949,321,14,35,False,misc,misc
inv-0032,1653,2339,513,827,79,22,6,False,misc,misc
inv-0032,1653,2339,789,830,47,14,5,False,misc,misc
inv-0032,1653,2339,1279,834,113,14,9,False,misc,misc
inv-0032,1653,2339,1586,837,47,14,5,False,misc,misc
inv-0040,1654,2338,1586,92,638,15,55,False,misc,misc
inv-0040,1654,2338,1638,108,585,14,48,False,misc,misc
inv-0040,1654,2338,98,131,649,29,32,False,doc_id,doc_id
inv-0040,1654,2338,99,172,347,29,18,False,doc_id,doc_id
inv-0040,1654,2338,94,209,238,17,16,False,info,info
inv-0040,1654,2338,93,232,658,17,46,False,info,info
inv-0040,1654,2338,94,256,355,17,27,False,info,info
inv-0040,1654,2338,94,280,246,17,19,False,info,info
inv-0040,1654,2338,94,304,233,17,15,False,info,info
inv-0040,1654,2338,94,328,341,16,21,False,info,info
inv-0040,1654,2338,94,352,257,16,16,False,info,info
inv-0040,1654,2338,93,375,532,17,33,False,info,info
inv-0040,1654,2338,94,400,372,17,22,False,info,info
inv-0040,1654,2338,94,424,414,17,29,False,info,info
inv-0040,1654,2338,94,449,673,16,46,False,info,info
inv-0040,1654,2338,94,1044,255,37,36,False,misc,misc
inv-0040,1654,2338,477,1033,193,67,7,False,misc,misc
inv-0040,1654,2338,625,1048,270,61,1,False,misc,misc
inv-0040,1654,2338,704,1019,277,69,31,False,misc,misc
inv-0040,1654,2338,1029,1030,277,71,18,False,misc,misc
inv-0040,1654,2338,1389,1020,288,87,45,False,misc,misc
inv-0040,1654,2338,94,1137,287,16,22,False,misc,misc
inv-0040,1654,2338,94,1160,255,14,21,False,misc,misc
inv-0040,1654,2338,490,1180,57,12,7,False,misc,misc
inv-0040,1654,2338,736,1180,44,13,5,False,misc,misc
inv-0040,1654,2338,1173,1181,276,13,19,False,misc,misc
inv-0040,1654,2338,1164,1197,298,12,27,False,misc,misc
inv-0044,2339,1653,1427,16,13,3,2,False,misc,misc
inv-0044,2339,1653,1416,18,161,21,11,False,misc,misc
inv-0044,2339,1653,1397,41,79,22,9,False,misc,misc
inv-0044,2339,1653,1520,49,62,22,5,False,misc,misc
inv-0044,2339,1653,1391,74,13,8,2,False,misc,misc
inv-0044,2339,1653,1458,72,20,22,3,False,misc,misc
inv-0044,2339,1653,1544,93,20,4,2,False,misc,misc
inv-0044,2339,1653,317,129,983,23,86,False,misc,misc
inv-0044,2339,1653,322,151,985,24,83,False,misc,misc
inv-0044,2339,1653,410,177,804,21,70,False,misc,misc
inv-0044,2339,1653,1523,336,21,8,2,False,misc,misc
inv-0044,2339,1653,1535,436,26,16,2,False,misc,misc
inv-0044,2339,1653,1458,475,64,15,4,False,doc_id,misc
inv-0044,2339,1653,1575,475,7,4,1,False,misc,misc
inv-0044,2339,1653,120,489,1359,40,63,False,doc_id,misc
inv-0044,2339,1653,1529,501,92,21,6,False,misc,misc
inv-0044,2339,1653,118,587,118,20,9,False,info,info
inv-0044,2339,1653,345,575,1159,57,162,False,info,info
inv-0044,2339,1653,345,641,169,22,13,False,info,info
inv-0044,2339,1653,119,695,1386,59,178,False,info,info
inv-0044,2339,1653,346,762,169,22,12,False,info,info
inv-0044,2339,1653,120,822,124,22,10,False,info,info
inv-0044,2339,1653,347,812,1092,30,78,False,info,info
inv-0044,2339,1653,347,843,729,25,54,False,info,info
inv-0044,2339,1653,120,902,1320,57,147,False,info,info
inv-0044,2339,1653,1255,1064,73,18,7,False,total,total
inv-0044,2339,1653,1400,1061,119,22,9,False,total,total
inv-0044,2339,1653,1117,1095,211,22,14,False,total,total
inv-0044,2339,1653,1401,1093,119,23,9,False,total,total
inv-0044,2339,1653,1146,1129,183,18,14,False,total,total
inv-0044,2339,1653,1401,1126,119,21,9,False,total,total
inv-0044,2339,1653,123,1165,546,25,36,False,verif,verif
inv-0044,2339,1653,122,1194,1005,42,62,False,verif,verif
inv-0044,2339,1653,124,1292,164,22,12,False,misc,misc
inv-0044,2339,1653,376,1289,283,23,19,False,misc,misc
inv-0044,2339,1653,797,1266,187,45,3,False,misc,misc
inv-0044,2339,1653,1261,1282,154,24,11,False,misc,misc
inv-0044,2339,1653,124,1323,441,80,34,False,misc,misc
inv-0044,2339,1653,764,1315,264,86,28,False,misc,misc
inv-0044,2339,1653,1066,1360,38,40,1,False,misc,misc
inv-0044,2339,1653,1236,1315,203,81,30,False,misc,misc
inv-0044,2339,1653,124,1469,182,18,14,False,misc,misc
inv-0044,2339,1653,763,1405,144,84,16,False,misc,misc
inv-0044,2339,1653,958,1410,76,67,8,False,misc,misc
inv-0044,2339,1653,1047,1404,46,83,2,False,misc,misc
inv-0044,2339,1653,1225,1405,228,78,33,False,misc,misc
inv-0044,2339,1653,639,1504,19,2,1,False,misc,misc
inv-0044,2339,1653,787,1492,222,65,4,False,misc,misc
inv-0044,2339,1653,1238,1492,202,18,18,False,misc,misc
inv-0044,2339,1653,821,1563,4,14,1,False,misc,misc
inv-0044,2339,1653,909,1564,16,14,1,False,misc,misc
inv-0044,2339,1653,819,1578,89,43,5,False,misc,misc
inv-0044,2339,1653,994,1872,3,7,1,False,misc,misc
inv-0044,2339,1653,1055,1864,2,12,1,False,misc,misc
inv-0044,2339,1653,1114,1859,23,15,2,False,misc,misc
inv-0044,2339,1653,838,1889,52,20,5,False,misc,misc
inv-0044,2339,1653,941,1895,232,39,10,False,misc,misc
inv-0044,2339,1653,1216,1889,46,67,5,False,misc,misc
inv-0044,2339,1653,171,2105,107,26,7,False,misc,misc
inv-0044,2339,1653,80,2144,251,21,19,False,misc,misc
inv-0044,2339,1653,177,2182,76,18,6,False,misc,misc
inv-0044,2339,1653,25,2231,478,62,28,False,misc,misc
inv-0044,2339,1653,559,2263,74,29,4,False,misc,misc
inv-0044,2339,1653,73,2293,3,9,1,False,misc,misc
inv-0044,2339,1653,588,2294,8,4,1,False,misc,misc
inv-0044,2339,1653,1352,438,43,21,2,False,misc,misc
inv-0044,2339,1653,1472,441,50,23,6,False,misc,misc
inv-0044,2339,1653,985,1300,7,5,1,False,misc,misc
inv-0044,2339,1653,908,1464,49,18,5,False,misc,misc
inv-0046,2338,1654,459,98,416,18,33,False,misc,misc
inv-0046,2338,1654,1097,92,240,28,11,False,misc,misc
inv-0046,2338,1654,315,123,677,43,82,False,misc,misc
inv-0046,2338,1654,1095,125,41,21,2,False,misc,misc
inv-0046,2338,1654,1182,122,93,29,5,False,misc,misc
inv-0046,2338,1654,328,172,671,44,77,False,misc,misc
inv-0046,2338,1654,1101,168,112,40,4,False,misc,misc
inv-0046,2338,1654,1329,185,223,26,13,False,misc,misc
inv-0046,2338,1654,1204,223,286,46,10,False,misc,misc
inv-0046,2338,1654,566,287,505,23,31,False,misc,misc
inv-0046,2338,1654,103,683,748,33,34,False,doc_id,doc_id
inv-0046,2338,1654,100,774,1369,52,159,False,info,info
inv-0046,2338,1654,100,864,1256,23,84,False,info,info
inv-0046,2338,1654,98,927,1449,79,215,False,info,misc
inv-0046,2338,1654,1324,1162,74,19,6,False,total,total
inv-0046,2338,1654,1449,1162,106,22,8,False,total,total
inv-0046,2338,1654,1198,1193,200,25,13,False,total,misc
inv-0046,2338,1654,1461,1194,94,22,6,False,total,total
inv-0046,2338,1654,1244,1224,153,24,10,False,total,misc
inv-0046,2338,1654,1448,1226,105,22,6,False,total,total
inv-0046,2338,1654,97,1256,533,24,35,False,verif,verif
inv-0046,2338,1654,96,1288,656,24,40,False,verif,verif
inv-0046,2338,1654,93,1382,149,51,16,False,misc,misc
inv-0046,2338,1654,504,1382,261,53,8,False,misc,misc
inv-0046,2338,1654,1022,1412,165,19,10,False,misc,misc
inv-0046,2338,1654,93,1504,110,110,12,False,misc,misc
inv-0046,2338,1654,463,1440,5,3,1,False,misc,misc
inv-0046,2338,1654,541,1440,268,174,37,False,misc,misc
inv-0046,2338,1654,824,1505,1,31,1,False,misc,misc
inv-0046,2338,1654,1022,1442,224,83,21,False,misc,misc
inv-0046,2338,1654,409,1619,41,19,1,False,misc,misc
inv-0046,2338,1654,507,1625,42,15,3,False,misc,misc
inv-0046,2338,1654,595,1619,168,49,3,False,misc,misc
inv-0046,2338,1654,1039,1622,206,19,12,False,misc,misc
inv-0046,2338,1654,97,1715,326,55,14,False,misc,misc
inv-0046,2338,1654,516,1723,401,32,16,False,misc,misc
inv-0046,2338,1654,1188,1689,437,49,12,False,misc,misc
inv-0046,2338,1654,905,1828,201,50,4,False,misc,misc
inv-0046,2338,1654,1182,1827,448,44,11,False,misc,misc
inv-0046,2338,1654,103,1886,320,50,21,False,misc,misc
inv-0046,2338,1654,507,1880,373,61,15,False,misc,misc
inv-0046,2338,1654,95,2029,310,57,12,False,misc,misc
inv-0046,2338,1654,526,2001,346,59,13,False,misc,misc
inv-0046,2338,1654,1064,1975,40,67,5,False,misc,misc
inv-0046,2338,1654,1152,1968,482,67,20,False,misc,misc
inv-0046,2338,1654,93,2201,270,36,8,False,misc,misc
inv-0046,2338,1654,416,2152,272,61,7,False,misc,misc
inv-0046,2338,1654,976,2184,10,19,1,False,misc,misc
inv-0046,2338,1654,1145,2149,490,58,13,False,misc,misc
inv-0046,2338,1654,429,1530,246,84,7,False,misc,misc
inv-0046,2338,1654,616,1530,147,84,11,False,misc,misc
inv-0046,2338,1654,1024,1532,221,83,20,False,misc,misc
inv-0047,2337,1653,1298,90,4,11,1,False,misc,misc
inv-0047,2337,1653,1067,320,70,23,2,False,misc,misc
inv-0047,2337,1653,1189,320,127,37,5,False,misc,misc
inv-0047,2337,1653,114,359,787,38,32,False,doc_id,doc_id
inv-0047,2337,1653,113,445,128,22,9,False,info,info
inv-0047,2337,1653,297,444,1121,25,74,False,info,info
inv-0047,2337,1653,113,476,585,27,38,False,info,info
inv-0047,2337,1653,113,526,134,24,10,False,info,info
inv-0047,2337,1653,298,524,1081,26,62,False,info,info
inv-0047,2337,1653,113,557,118,24,10,False,info,info
inv-0047,2337,1653,298,557,1126,25,75,False,info,info
inv-0047,2337,1653,296,591,449,22,36,False,info,info
inv-0047,2337,1653,114,617,1274,26,83,False,info,info
inv-0047,2337,1653,112,655,26,15,2,False,info,info
inv-0047,2337,1653,297,650,1091,27,77,False,info,info
inv-0047,2337,1653,298,685,1094,25,75,False,info,info
inv-0047,2337,1653,297,718,700,26,54,False,info,info
inv-0047,2337,1653,114,764,127,19,9,False,info,info
inv-0047,2337,1653,298,764,272,20,20,False,info,info
inv-0047,2337,1653,1153,926,74,19,7,False,total,total
inv-0047,2337,1653,1335,925,95,23,7,False,total,total
inv-0047,2337,1653,1013,958,215,23,14,False,total,total
inv-0047,2337,1653,1356,957,72,23,6,False,total,total
inv-0047,2337,1653,1041,991,187,19,14,False,total,total
inv-0047,2337,1653,1335,990,96,22,7,False,total,total
inv-0047,2337,1653,116,1024,534,25,36,False,verif,verif
inv-0047,2337,1653,115,1056,695,26,45,False,verif,verif
inv-0047,2337,1653,1157,1070,4,25,1,False,misc,misc
inv-0047,2337,1653,117,1166,174,24,12,False,misc,misc
inv-0047,2337,1653,495,1180,8,4,1,False,misc,misc
inv-0047,2337,1653,707,1166,139,21,10,False,misc,misc
inv-0047,2337,1653,902,1164,123,24,9,False,misc,misc
inv-0047,2337,1653,1302,1164,139,21,10,False,misc,total
inv-0047,2337,1653,426,1199,69,10,4,False,misc,misc
inv-0047,2337,1653,657,1202,5,5,1,False,misc,misc
inv-0047,2337,1653,413,1217,4,7,1,False,misc,misc
inv-0047,2337,1653,472,1214,5,6,1,False,misc,misc
inv-0047,2337,1653,404,1223,64,25,7,False,misc,misc
inv-0047,2337,1653,633,1223,20,22,2,False,misc,misc
inv-0047,2337,1653,445,1248,6,4,1,False,misc,misc
inv-0047,2337,1653,639,1247,47,9,2,False,misc,misc
inv-0047,2337,1653,398,1259,61,8,3,False,misc,misc
inv-0047,2337,1653,642,1258,47,9,3,False,misc,misc
inv-0047,2337,1653,397,1266,46,14,4,False,misc,misc
inv-0047,2337,1653,646,1267,46,13,3,False,misc,misc
inv-0047,2337,1653,421,1280,21,7,2,False,misc,misc
inv-0047,2337,1653,394,1292,58,10,3,False,misc,misc
inv-0047,2337,1653,648,1292,8,2,1,False,misc,misc
inv-0047,2337,1653,394,1303,59,18,6,False,misc,misc
inv-0047,2337,1653,616,1304,76,18,5,False,misc,misc
inv-0047,2337,1653,469,1322,7,3,1,False,misc,misc
inv-0047,2337,1653,662,1323,4,5,1,False,misc,misc
inv-0047,2337,1653,399,1327,78,10,3,False,misc,misc
inv-0047,2337,1653,642,1327,7,2,1,False,misc,misc
inv-0047,2337,1653,401,1336,79,7,3,False,misc,misc
inv-0047,2337,1653,638,1339,7,4,1,False,misc,misc
inv-0047,2337,1653,404,1347,52,7,2,False,misc,misc
inv-0047,2337,1653,633,1348,7,5,1,False,misc,misc
inv-0047,2337,1653,407,1354,84,19,5,False,misc,misc
inv-0047,2337,1653,594,1353,38,22,4,False,misc,misc
inv-0047,2337,1653,430,1388,6,6,1,False,misc,misc
inv-0047,2337,1653,497,1388,2,4,1,False,misc,misc
inv-0047,2337,1653,545,1388,4,3,1,False,misc,misc
inv-0047,2337,1653,562,1403,6,5,1,False,misc,misc
inv-0047,2337,1653,642,1401,5,7,1,False,misc,misc
inv-0047,2337,1653,458,1411,65,7,3,False,misc,misc
inv-0047,2337,1653,583,1409,11,4,1,False,misc,misc
inv-0047,2337,1653,465,1418,5,6,1,False,misc,misc
inv-0047,2337,1653,544,1418,10,3,1,False,misc,misc
inv-0047,2337,1653,1083,2058,59,5,2,False,misc,misc
inv-0047,2337,1653,1187,2060,39,4,2,False,misc,misc
inv-0047,2337,1653,1079,2065,371,55,18,False,misc,misc
inv-0047,2337,1653,1079,2122,3,7,1,False,misc,misc
inv-0047,2337,1653,1081,2135,282,41,10,False,misc,misc
inv-0047,2337,1653,1130,2175,59,4,5,False,misc,misc
inv-0047,2337,1653,1096,2187,163,7,8,False,misc,misc
inv-0047,2337,1653,1297,100,6,10,1,False,misc,misc
inv-0047,2337,1653,1374,74,36,36,1,False,misc,misc
inv-0051,2338,1653,117,189,1182,31,63,False,misc,misc
inv-0051,2338,1653,116,225,169,28,11,False,misc,misc
inv-0051,2338,1653,115,264,84,26,6,False,misc,misc
inv-0051,2338,1653,245,261,801,28,48,False,misc,misc
inv-0051,2338,1653,116,298,422,28,31,False,misc,info
inv-0051,2338,1653,119,651,775,37,31,False,doc_id,doc_id
inv-0051,2338,1653,119,756,100,20,8,False,info,info
inv-0051,2338,1653,372,743,990,52,77,False,info,info
inv-0051,2338,1653,120,843,139,22,10,False,info,info
inv-0051,2338,1653,373,841,962,24,62,False,info,info
inv-0051,2338,1653,374,881,911,24,59,False,info,info
inv-0051,2338,1653,119,951,144,21,10,False,info,misc
inv-0051,2338,1653,374,950,795,27,50,False,info,info
inv-0051,2338,1653,1284,1188,220,25,15,False,total,misc
inv-0051,2338,1653,1143,1224,225,26,14,False,total,misc
inv-0051,2338,1653,1487,1235,18,4,2,False,total,misc
inv-0051,2338,1653,1160,1259,344,25,22,False,total,misc
inv-0051,2338,1653,121,1287,595,27,38,False,verif,verif
inv-0051,2338,1653,120,1328,664,27,41,False,verif,verif
inv-0051,2338,1653,120,1436,171,25,12,False,misc,misc
inv-0051,2338,1653,765,1432,7,3,1,False,misc,misc
inv-0051,2338,1653,822,1434,10,4,1,False,misc,misc
inv-0051,2338,1653,1198,1433,223,27,13,False,misc,misc
inv-0051,2338,1653,794,1471,10,5,1,False,misc,misc
inv-0051,2338,1653,873,1467,123,38,7,False,misc,misc
inv-0051,2338,1653,1193,1474,232,21,18,False,misc,misc
inv-0051,2338,1653,121,1605,365,24,25,False,misc,misc
inv-0051,2338,1653,904,1615,130,18,3,False,misc,misc
inv-0051,2338,1653,1092,1604,323,27,13,False,misc,misc
inv-0051,2338,1653,728,1637,175,30,8,False,misc,misc
inv-0051,2338,1653,987,1638,29,23,2,False,misc,misc
inv-0051,2338,1653,1193,1644,232,21,18,False,misc,misc
inv-0051,2338,1653,993,1700,299,27,26,False,misc,misc
inv-0051,2338,1653,992,1733,229,26,20,False,misc,misc
inv-0051,2338,1653,993,1765,151,23,16,False,misc,misc
inv-0051,2338,1653,1191,1763,64,19,6,False,misc,misc
inv-0051,2338,1653,994,1792,302,24,24,False,misc,misc
inv-0051,2338,1653,993,1815,336,49,21,False,misc,misc
inv-0051,2338,1653,1051,2076,153,54,8,False,misc,misc
inv-0051,2338,1653,1252,2075,196,56,25,False,misc,misc
inv-0051,2338,1653,658,2168,233,54,25,False,misc,misc
inv-0051,2338,1653,994,2130,278,70,7,False,misc,misc
inv-0051,2338,1653,659,2227,284,22,20,False,misc,misc
inv-0051,2338,1653,658,2255,355,45,14,False,misc,misc
inv-0051,2338,1653,886,1625,12,8,1,False,misc,misc
inv-0051,2338,1653,859,1629,4,3,1,False,misc,misc
inv-0051,2338,1653,1111,2162,28,38,1,False,misc,misc
inv-0059,2338,1653,1129,32,202,55,15,False,misc,misc
inv-0059,2338,1653,151,393,744,37,31,False,doc_id,doc_id
inv-0059,2338,1653,1106,354,67,44,2,False,misc,misc
inv-0059,2338,1653,1305,355,105,67,4,False,misc,misc
inv-0059,2338,1653,1594,384,3,5,1,False,misc,misc
inv-0059,2338,1653,147,484,133,23,9,False,info,info
inv-0059,2338,1653,325,462,893,52,53,False,info,info
inv-0059,2338,1653,1235,462,177,45,12,False,info,misc
inv-0059,2338,1653,147,513,1105,26,66,False,info,info
inv-0059,2338,1653,1262,514,94,20,7,False,info,misc
inv-0059,2338,1653,147,567,1226,27,75,False,info,info
inv-0059,2338,1653,147,599,122,24,10,False,info,info
inv-0059,2338,1653,326,599,374,25,23,False,info,info
inv-0059,2338,1653,1593,600,3,6,1,False,misc,misc
inv-0059,2338,1653,147,652,633,24,40,False,info,info
inv-0059,2338,1653,1593,816,3,5,1,False,misc,total
inv-0059,2338,1653,1142,860,79,20,7,False,total,total
inv-0059,2338,1653,1264,860,152,23,10,False,total,total
inv-0059,2338,1653,1000,894,221,25,13,False,total,total
inv-0059,2338,1653,1410,905,9,4,1,False,total,total
inv-0059,2338,1653,1023,929,198,20,14,False,total,total
inv-0059,2338,1653,1264,929,152,23,10,False,total,total
inv-0059,2338,1653,147,963,616,26,40,False,verif,verif
inv-0059,2338,1653,148,997,1228,25,76,False,verif,verif
inv-0059,2338,1653,146,1051,791,24,54,False,misc,verif
inv-0059,2338,1653,146,1083,1154,23,81,False,misc,misc
inv-0059,2338,1653,145,1115,1195,24,82,False,misc,misc
inv-0059,2338,1653,146,1147,105,19,9,False,misc,misc
inv-0059,2338,1653,829,1160,165,24,1,False,misc,misc
inv-0059,2338,1653,890,1158,40,5,1,False,misc,misc
inv-0059,2338,1653,147,1251,183,26,11,False,misc,misc
inv-0059,2338,1653,452,1232,102,45,2,False,misc,misc
inv-0059,2338,1653,703,1191,325,86,40,False,misc,misc
inv-0059,2338,1653,1112,1230,306,47,12,False,misc,misc
inv-0059,2338,1653,1593,1246,3,6,1,False,misc,misc
inv-0059,2338,1653,457,1282,63,36,2,False,misc,misc
inv-0059,2338,1653,765,1277,277,157,82,False,misc,misc
inv-0059,2338,1653,1058,1296,2,22,1,False,misc,misc
inv-0059,2338,1653,1116,1282,17,21,1,False,misc,misc
inv-0059,2338,1653,1178,1282,10,27,1,False,misc,misc
inv-0059,2338,1653,721,1664,8,10,1,False,misc,misc
inv-0059,2338,1653,802,1662,14,12,1,False,misc,misc
inv-0059,2338,1653,681,1675,104,73,8,False,misc,misc
inv-0059,2338,1653,1593,1680,3,5,1,False,misc,misc
inv-0059,2338,1653,414,1778,834,194,43,False,misc,misc
inv-0059,2338,1653,1593,1896,2,5,1,False,misc,misc
inv-0059,2338,1653,1047,2031,185,25,22,False,misc,misc
inv-0059,2338,1653,360,2059,287,96,24,False,misc,misc
inv-0059,2338,1653,762,2142,391,105,9,False,misc,misc
inv-0059,2338,1653,1083,2075,129,130,6,False,misc,misc
inv-0059,2338,1653,1297,2077,42,23,2,False,misc,misc
inv-0059,2338,1653,1592,2112,3,5,1,False,misc,misc
inv-0059,2338,1653,892,1421,34,14,3,False,misc,misc
inv-0064,2338,1653,102,307,786,40,32,False,doc_id,doc_id
inv-0064,2338,1653,100,396,127,22,9,False,info,info
inv-0064,2338,1653,282,390,1051,28,67,False,info,info
inv-0064,2338,1653,100,425,903,27,56,False,info,info
inv-0064,2338,1653,100,476,134,24,9,False,info,info
inv-0064,2338,1653,283,472,1141,27,74,False,info,info
inv-0064,2338,1653,101,506,123,24,12,False,info,info
inv-0064,2338,1653,283,508,243,24,16,False,info,info
inv-0064,2338,1653,124,535,1216,60,116,False,info,info
inv-0064,2338,1653,101,616,132,19,11,False,info,info
inv-0064,2338,1653,283,614,349,21,26,False,info,info
inv-0064,2338,1653,1141,897,75,18,7,False,total,total
inv-0064,2338,1653,1309,895,110,23,8,False,total,total
inv-0064,2338,1653,999,929,217,22,14,False,total,total
inv-0064,2338,1653,1323,927,96,23,7,False,total,total
inv-0064,2338,1653,1028,962,188,18,14,False,total,total
inv-0064,2338,1653,1310,960,109,22,8,False,total,total
inv-0064,2338,1653,103,995,555,25,38,False,verif,verif
inv-0064,2338,1653,103,1027,790,26,46,False,verif,verif
inv-0064,2338,1653,105,1276,173,24,12,False,misc,misc
inv-0064,2338,1653,394,1243,220,54,28,False,misc,misc
inv-0064,2338,1653,687,1274,142,21,11,False,misc,misc
inv-0064,2338,1653,890,1271,124,24,7,False,misc,misc
inv-0064,2338,1653,1276,1271,154,18,11,False,misc,misc
inv-0064,2338,1653,352,1301,294,240,14,False,misc,misc
inv-0064,2338,1653,1186,1344,240,94,59,False,misc,misc
inv-0064,2338,1653,185,1596,241,61,40,False,misc,misc
inv-0064,2338,1653,612,1574,252,60,22,False,misc,misc
inv-0064,2338,1653,193,1671,60,22,6,False,misc,misc
inv-0064,2338,1653,297,1665,132,25,17,False,misc,misc
inv-0064,2338,1653,222,1856,214,47,7,False,misc,misc
inv-0064,2338,1653,530,1841,360,40,8,False,misc,misc
inv-0064,2338,1653,976,1824,154,32,11,False,misc,misc
inv-0064,2338,1653,534,1203,77,30,1,False,misc,misc
inv-0064,2338,1653,1181,1197,99,33,1,False,misc,misc
inv-0064,2338,1653,515,1762,67,14,2,False,misc,misc
inv-0067,2338,1653,89,35,1056,20,79,False,misc,misc
inv-0067,2338,1653,93,277,699,75,64,False,doc_id,doc_id
inv-0067,2338,1653,1428,285,107,67,2,False,misc,misc
inv-0067,2338,1653,1374,360,161,50,3,False,misc,misc
inv-0067,2338,1653,90,419,1279,53,114,False,info,info
inv-0067,2338,1653,1438,420,12,18,1,False,info,misc
inv-0067,2338,1653,1493,433,4,8,1,False,info,misc
inv-0067,2338,1653,246,508,1265,24,81,False,info,info
inv-0067,2338,1653,91,537,1438,25,90,False,info,info
inv-0067,2338,1653,247,567,838,25,57,False,info,info
inv-0067,2338,1653,1254,707,75,18,7,False,total,total
inv-0067,2338,1653,1415,707,109,21,8,False,total,total
inv-0067,2338,1653,1228,739,101,22,6,False,total,total
inv-0067,2338,1653,90,770,549,24,37,False,verif,info
inv-0067,2338,1653,89,803,745,42,39,False,verif,doc_id
inv-0067,2338,1653,90,897,169,24,12,False,misc,info
inv-0067,2338,1653,354,853,253,69,6,False,misc,info
inv-0067,2338,1653,524,853,24,12,2,False,misc,info
inv-0067,2338,1653,607,899,221,22,14,False,misc,info
inv-0067,2338,1653,90,957,120,24,9,False,misc,misc
inv-0067,2338,1653,326,927,502,55,22,False,misc,info
inv-0067,2338,1653,327,987,309,135,55,False,misc,misc
inv-0067,2338,1653,147,1997,216,26,12,False,misc,misc
inv-0067,2338,1653,421,2022,67,27,1,False,misc,misc
inv-0067,2338,1653,180,2060,252,98,10,False,misc,misc
inv-0069,2338,1654,122,32,237,71,20,False,misc,doc_id
inv-0069,2338,1654,1398,60,19,24,3,False,misc,misc
inv-0069,2338,1654,1417,130,145,18,11,False,misc,misc
inv-0069,2338,1654,276,202,444,23,26,False,misc,misc
inv-0069,2338,1654,144,240,577,25,33,False,misc,info
inv-0069,2338,1654,234,278,459,24,24,False,misc,info
inv-0069,2338,1654,149,309,545,24,29,False,misc,info
inv-0069,2338,1654,1171,642,390,21,28,False,misc,misc
inv-0069,2338,1654,176,663,67,32,5,False,misc,info
inv-0069,2338,1654,308,672,1228,23,75,False,misc,info
inv-0069,2338,1654,307,702,822,23,53,False,misc,info
inv-0069,2338,1654,309,760,1060,25,76,False,misc,info
inv-0069,2338,1654,555,819,532,24,35,False,misc,info
inv-0069,2338,1654,80,1168,514,31,29,False,doc_id,verif
inv-0069,2338,1654,77,1275,98,18,8,False,info,misc
inv-0069,2338,1654,308,1261,1138,52,141,False,info,misc
inv-0069,2338,1654,309,1348,1156,24,79,False,info,misc
inv-0069,2338,1654,77,1377,140,22,10,False,info,misc
inv-0069,2338,1654,308,1377,1008,24,71,False,info,misc
inv-0069,2338,1654,75,1442,92,23,7,False,info,misc
inv-0069,2338,1654,306,1443,446,23,30,False,info,misc
inv-0069,2338,1654,1299,1666,73,18,7,False,total,misc
inv-0069,2338,1654,1492,1666,72,22,6,False,total,misc
inv-0069,2338,1654,1240,1698,132,22,10,False,total,misc
inv-0069,2338,1654,1492,1698,72,22,6,False,total,misc
inv-0069,2338,1654,1111,1731,261,23,19,False,total,misc
inv-0069,2338,1654,1492,1731,73,21,6,False,total,misc
inv-0069,2338,1654,75,1762,498,24,34,False,verif,verif
inv-0069,2338,1654,76,1794,748,25,47,False,verif,verif
inv-0069,2338,1654,74,1853,394,73,66,False,misc,misc
inv-0069,2338,1654,530,1845,212,96,24,False,misc,misc
inv-0069,2338,1654,1020,1854,410,24,23,False,misc,misc
inv-0069,2338,1654,672,1949,6,2,1,False,misc,misc
inv-0069,2338,1654,795,1947,2,7,1,False,misc,misc
inv-0069,2338,1654,614,1958,6,5,1,False,misc,misc
inv-0069,2338,1654,663,1956,9,6,1,False,misc,misc
inv-0069,2338,1654,76,1966,353,23,23,False,misc,misc
inv-0069,2338,1654,557,1979,8,3,1,False,misc,misc
inv-0069,2338,1654,655,1965,49,12,2,False,misc,misc
inv-0069,2338,1654,1021,1968,481,23,28,False,misc,misc
inv-0069,2338,1654,1551,1967,80,26,9,False,misc,misc
inv-0069,2338,1654,74,1997,394,18,28,False,misc,misc
inv-0069,2338,1654,557,1996,185,22,12,False,misc,misc
inv-0069,2338,1654,1294,1996,93,5,7,False,misc,misc
inv-0069,2338,1654,1464,2001,124,16,3,False,misc,misc
inv-0069,2338,1654,74,2019,254,19,22,False,misc,misc
inv-0069,2338,1654,541,2019,209,51,8,False,misc,misc
inv-0069,2338,1654,1364,2018,88,39,1,False,misc,misc
inv-0069,2338,1654,1506,2061,120,14,11,False,misc,misc
inv-0069,2338,1654,578,2079,177,32,3,False,misc,misc
inv-0069,2338,1654,1302,2074,328,19,13,False,misc,misc
inv-0069,2338,1654,75,2111,1322,25,78,False,misc,misc
inv-0069,2338,1654,1460,2115,7,3,1,False,misc,misc
inv-0069,2338,1654,75,2140,1360,25,91,False,misc,misc
inv-0069,2338,1654,76,2169,182,23,12,False,misc,misc
inv-0069,2338,1654,394,2170,179,23,12,False,misc,misc
inv-0069,2338,1654,694,2170,329,23,16,False,misc,misc
inv-0069,2338,1654,1131,2171,208,18,10,False,misc,misc
inv-0069,2338,1654,76,2294,569,14,41,False,misc,verif
inv-0069,2338,1654,717,2215,289,93,11,False,misc,misc
inv-0069,2338,1654,1186,2235,46,56,3,False,misc,misc
inv-0069,2338,1654,1275,2265,17,5,1,False,misc,misc
inv-0069,2338,1654,1335,2222,122,86,6,False,misc,misc
inv-0069,2338,1654,585,1883,210,64,6,False,misc,misc
inv-0069,2338,1654,746,1883,9,9,1,False,misc,misc
inv-0069,2338,1654,798,1938,4,9,1,False,misc,misc
inv-0069,2338,1654,1475,2065,9,5,1,False,misc,misc
inv-0073,2337,1653,567,19,191,31,7,False,misc,misc
inv-0073,2337,1653,806,19,192,19,8,False,misc,misc
inv-0073,2337,1653,622,62,362,52,8,False,misc,misc
inv-0073,2337,1653,1076,72,359,45,9,False,misc,misc
inv-0073,2337,1653,163,326,766,50,32,False,doc_id,doc_id
inv-0073,2337,1653,161,425,162,50,22,False,info,info
inv-0073,2337,1653,367,428,989,58,128,False,info,info
inv-0073,2337,1653,160,504,129,50,20,False,info,info
inv-0073,2337,1653,365,507,1020,60,138,False,info,info
inv-0073,2337,1653,159,578,1150,62,130,False,info,info
inv-0073,2337,1653,159,653,121,20,9,False,info,info
inv-0073,2337,1653,364,656,726,30,47,False,info,info
inv-0073,2337,1653,1155,805,72,19,7,False,total,total
inv-0073,2337,1653,1303,807,118,22,9,False,total,total
inv-0073,2337,1653,1019,837,207,24,14,False,total,total
inv-0073,2337,1653,1316,841,104,22,8,False,total,total
inv-0073,2337,1653,156,891,538,29,38,False,verif,verif
inv-0073,2337,1653,1045,871,181,20,14,False,total,total
inv-0073,2337,1653,1302,874,118,23,9,False,total,total
inv-0073,2337,1653,154,928,607,28,41,False,verif,verif
inv-0073,2337,1653,152,1145,168,24,12,False,misc,misc
inv-0073,2337,1653,491,1136,37,79,3,False,misc,misc
inv-0073,2337,1653,737,1156,130,17,9,False,misc,misc
inv-0073,2337,1653,927,1155,120,24,9,False,misc,misc
inv-0073,2337,1653,1148,1147,31,36,2,False,misc,misc
inv-0073,2337,1653,1300,1162,131,18,9,False,misc,misc
inv-0073,2337,1653,36,2080,525,209,27,False,misc,misc
inv-0073,2337,1653,676,2209,111,61,5,False,misc,misc
inv-0073,2337,1653,852,2168,219,119,11,False,misc,misc
inv-0073,2337,1653,1138,2080,467,208,24,False,misc,misc
inv-0073,2337,1653,478,1180,15,46,1,False,misc,misc
inv-0073,2337,1653,1130,1188,71,41,2,False,misc,misc
inv-0073,2337,1653,748,2246,15,5,1,False,misc,misc
inv-0075,1653,2338,1590,90,644,14,66,False,misc,misc
inv-0075,1653,2338,1644,105,590,15,61,False,misc,misc
inv-0075,1653,2338,107,133,626,30,32,False,doc_id,doc_id
inv-0075,1653,2338,107,175,348,30,20,False,doc_id,doc_id
inv-0075,1653,2338,103,212,196,18,17,False,info,info
inv-0075,1653,2338,101,236,685,17,57,False,info,info
inv-0075,1653,2338,103,259,356,18,34,False,info,info
inv-0075,1653,2338,103,284,267,17,26,False,info,info
inv-0075,1653,2338,103,308,258,17,23,False,info,info
inv-0075,1653,2338,103,332,342,17,28,False,info,info
inv-0075,1653,2338,103,355,259,18,23,False,info,info
inv-0075,1653,2338,102,379,578,18,49,False,info,info
inv-0075,1653,2338,103,403,369,18,33,False,info,info
inv-0075,1653,2338,103,427,416,17,38,False,info,info
inv-0075,1653,2338,103,451,1034,19,92,False,info,info
inv-0075,1653,2338,103,783,476,126,87,False,misc,misc
inv-0075,1653,2338,631,773,87,59,7,False,misc,misc
inv-0075,1653,2338,907,771,549,143,30,False,misc,misc
inv-0075,1653,2338,1388,771,93,59,3,False,misc,misc
inv-0075,1653,2338,103,914,257,15,23,False,misc,misc
inv-0075,1653,2338,500,934,57,13,6,False,misc,misc
inv-0075,1653,2338,746,934,44,12,5,False,misc,misc
inv-0075,1653,2338,1184,932,278,13,24,False,misc,misc
inv-0075,1653,2338,1176,947,299,13,20,False,misc,misc
inv-0075,1653,2338,1831,1370,291,46,10,False,misc,misc
inv-0075,1653,2338,1831,1441,9,9,1,False,misc,misc
inv-0075,1653,2338,1906,1421,206,38,4,False,misc,misc
inv-0075,1653,2338,1851,1467,16,7,2,False,misc,misc
inv-0075,1653,2338,1502,839,45,13,5,False,misc,misc
inv-0075,1653,2338,442,840,115,44,7,False,misc,misc
inv-0075,1653,2338,745,842,45,12,5,False,misc,misc
inv-0079,2339,1653,554,274,521,22,36,False,misc,misc
inv-0079,2339,1653,90,556,824,31,41,False,doc_id,doc_id
inv-0079,2339,1653,89,636,1428,49,136,False,info,info
inv-0079,2339,1653,89,714,1330,22,102,False,info,info
inv-0079,2339,1653,89,797,522,21,39,False,info,info
inv-0079,2339,1653,1323,1284,227,21,16,False,total,misc
inv-0079,2339,1653,1189,1312,350,23,24,False,total,misc
inv-0079,2339,1653,1235,1340,304,21,20,False,total,misc
inv-0079,2339,1653,92,1369,538,23,37,False,verif,verif
inv-0079,2339,1653,92,1400,958,32,65,False,verif,misc
inv-0079,2339,1653,92,1479,152,20,12,False,misc,misc
inv-0079,2339,1653,680,1482,7,4,1,False,misc,misc
inv-0079,2339,1653,1012,1478,167,18,12,False,misc,misc
inv-0079,2339,1653,502,1507,51,18,4,False,misc,misc
inv-0079,2339,1653,1035,1508,198,17,18,False,misc,misc
inv-0079,2339,1653,93,1578,107,20,9,False,misc,misc
inv-0079,2339,1653,514,1570,67,33,3,False,misc,misc
inv-0079,2339,1653,624,1591,96,12,3,False,misc,misc
inv-0079,2339,1653,851,1564,491,49,48,False,misc,misc
inv-0079,2339,1653,478,1621,106,23,7,False,misc,misc
inv-0079,2339,1653,1035,1624,199,18,18,False,misc,misc
inv-0079,2339,1653,556,1666,6,5,1,False,misc,misc
inv-0079,2339,1653,701,1665,9,7,1,False,misc,misc
inv-0079,2339,1653,334,1673,4,4,1,False,misc,misc
inv-0079,2339,1653,526,1675,76,17,3,False,misc,misc
inv-0079,2339,1653,650,1673,49,21,2,False,misc,misc
inv-0079,2339,1653,1363,1702,42,5,2,False,misc,misc
inv-0079,2339,1653,614,1706,6,9,1,False,misc,misc
inv-0079,2339,1653,1421,1707,6,4,1,False,misc,misc
inv-0079,2339,1653,547,1715,11,5,2,False,misc,misc
inv-0079,2339,1653,1439,1717,6,5,1,False,misc,misc
inv-0079,2339,1653,1246,1735,24,7,2,False,misc,misc
inv-0079,2339,1653,567,1758,128,7,4,False,misc,misc
inv-0079,2339,1653,255,1855,60,24,4,False,misc,misc
inv-0079,2339,1653,358,1765,236,106,18,False,misc,misc
inv-0079,2339,1653,703,1770,56,15,3,False,misc,misc
inv-0079,2339,1653,825,1836,21,3,1,False,misc,misc
inv-0079,2339,1653,1174,1764,424,110,30,False,misc,misc
inv-0079,2339,1653,194,1879,61,4,2,False,misc,misc
inv-0079,2339,1653,244,1882,6,4,1,False,misc,misc
inv-0079,2339,1653,534,1882,10,2,1,False,misc,misc
inv-0079,2339,1653,301,1893,10,11,1,False,misc,misc
inv-0079,2339,1653,487,1886,32,9,1,False,misc,misc
inv-0079,2339,1653,1186,1891,9,8,1,False,misc,misc
inv-0079,2339,1653,135,1954,9,12,2,False,misc,misc
inv-0079,2339,1653,230,1936,10,6,1,False,misc,misc
inv-0079,2339,1653,1251,1927,255,41,9,False,misc,misc
inv-0079,2339,1653,128,1995,344,110,37,False,misc,misc
inv-0079,2339,1653,548,1969,964,163,132,False,misc,misc
inv-0079,2339,1653,266,2138,123,27,13,False,misc,misc
inv-0079,2339,1653,834,2145,6,14,1,False,misc,misc
inv-0079,2339,1653,898,2145,6,9,1,False,misc,misc
inv-0079,2339,1653,55,2183,596,140,41,False,misc,misc
inv-0079,2339,1653,751,2224,150,53,4,False,misc,misc
inv-0079,2339,1653,1000,2263,3,4,1,False,misc,misc
inv-0079,2339,1653,1063,2234,228,40,6,False,misc,misc
inv-0083,1240,1755,71,63,604,22,36,False,doc_id,doc_id
inv-0083,1240,1755,1489,62,205,30,30,False,misc,misc
inv-0083,1240,1755,72,91,316,17,18,False,doc_id,doc_id
inv-0083,1240,1755,1552,94,142,15,13,False,misc,misc
inv-0083,1240,1755,1505,111,185,14,20,False,misc,misc
inv-0083,1240,1755,1339,127,356,14,34,False,misc,misc
inv-0083,1240,1755,1650,145,45,14,6,False,misc,misc
inv-0083,1240,1755,74,163,410,16,41,False,info,info
inv-0083,1240,1755,73,185,390,17,40,False,info,info
inv-0083,1240,1755,74,207,334,16,35,False,info,info
inv-0083,1240,1755,74,231,285,15,26,False,info,info
inv-0083,1240,1755,74,253,927,17,92,False,info,info
inv-0083,1240,1755,74,276,607,16,58,False,info,info
inv-0083,1240,1755,74,299,640,16,61,False,info,info
inv-0083,1240,1755,73,321,519,17,51,False,info,info
inv-0083,1240,1755,74,344,348,16,35,False,info,info
inv-0083,1240,1755,74,367,384,17,36,False,info,info
inv-0083,1240,1755,73,391,634,17,63,False,info,info
inv-0083,1240,1755,73,680,202,16,22,False,misc,misc
inv-0083,1240,1755,556,681,121,16,10,False,misc,misc
inv-0083,1240,1755,1018,681,144,17,16,False,misc,misc
inv-0083,1240,1755,73,703,238,13,25,False,misc,misc
inv-0083,1240,1755,410,704,85,12,8,False,misc,misc
inv-0083,1240,1755,557,701,392,16,42,False,misc,misc
inv-0083,1240,1755,1018,704,238,13,24,False,misc,misc
inv-0083,1240,1755,423,723,60,14,6,False,misc,misc
inv-0083,1240,1755,745,724,47,13,5,False,misc,misc
inv-0083,1240,1755,1317,724,60,14,9,False,misc,misc
inv-0083,1240,1755,1547,725,47,14,5,False,misc,misc
inv-0083,1240,1755,74,748,267,16,30,False,misc,misc
inv-0083,1240,1755,73,771,238,13,25,False,misc,misc
inv-0083,1240,1755,466,791,60,14,4,False,misc,misc
inv-0083,1240,1755,773,791,47,15,5,False,misc,misc
inv-0083,1240,1755,1038,792,287,14,21,False,misc,misc
inv-0083,1240,1755,1025,809,314,13,29,False,misc,misc
inv-0083,1240,1755,622,1097,320,14,27,False,misc,misc
inv-0083,1240,1755,1077,1098,633,14,66,False,misc,misc
inv-0083,1240,1755,622,1114,293,14,29,False,misc,misc
inv-0083,1240,1755,1175,1118,100,11,9,False,misc,misc
inv-0083,1240,1755,622,1131,437,14,46,False,misc,misc
inv-0083,1240,1755,1176,1132,521,14,61,False,misc,misc
inv-0083,1240,1755,1077,1165,482,14,46,False,misc,misc
inv-0083,1240,1755,1176,1182,518,14,57,False,misc,misc
inv-0088,1075,1519,63,13,454,21,32,False,doc_id,doc_id
inv-0088,1075,1519,64,43,267,22,20,False,doc_id,doc_id
inv-0088,1075,1519,61,71,228,13,24,False,info,doc_id
inv-0088,1075,1519,60,90,508,15,55,False,info,doc_id
inv-0088,1075,1519,61,108,277,13,33,False,info,info
inv-0088,1075,1519,60,127,234,14,28,False,info,info
inv-0088,1075,1519,60,145,759,18,85,False,info,info
inv-0088,1075,1519,60,164,267,14,30,False,info,info
inv-0088,1075,1519,60,183,542,16,63,False,info,info
inv-0088,1075,1519,60,201,449,15,49,False,info,info
inv-0088,1075,1519,60,219,290,13,34,False,info,info
inv-0088,1075,1519,60,237,323,14,36,False,info,info
inv-0088,1075,1519,60,256,524,16,64,False,info,info
inv-0088,1075,1519,57,627,224,14,30,False,misc,misc
inv-0088,1075,1519,906,594,39,37,2,False,misc,misc
inv-0088,1075,1519,56,647,199,11,23,False,misc,misc
inv-0088,1075,1519,358,664,43,9,7,False,misc,misc
inv-0088,1075,1519,542,666,34,9,5,False,misc,misc
inv-0088,1075,1519,870,667,209,10,28,False,misc,misc
inv-0088,1075,1519,862,682,225,9,30,False,misc,misc
inv-0098,1240,1755,1194,52,480,12,60,False,misc,misc
inv-0098,1240,1755,1380,65,292,11,41,False,misc,misc
inv-0098,1240,1755,60,76,479,24,34,False,doc_id,doc_id
inv-0098,1240,1755,61,108,261,22,18,False,doc_id,doc_id
inv-0098,1240,1755,58,136,254,14,26,False,info,info
inv-0098,1240,1755,57,154,368,14,40,False,info,info
inv-0098,1240,1755,58,173,270,12,29,False,info,info
inv-0098,1240,1755,58,187,898,16,101,False,info,info
inv-0098,1240,1755,58,205,943,17,107,False,info,info
inv-0098,1240,1755,58,228,213,12,24,False,info,info
inv-0098,1240,1755,724,226,12,7,2,False,info,info
inv-0098,1240,1755,58,245,195,13,24,False,info,info
inv-0098,1240,1755,57,262,387,14,39,False,info,info
inv-0098,1240,1755,58,281,282,13,33,False,info,info
inv-0098,1240,1755,58,298,313,13,32,False,info,info
inv-0098,1240,1755,58,316,515,13,65,False,info,info
inv-0098,1240,1755,57,343,234,13,26,False,info,info
inv-0098,1240,1755,439,604,8,11,1,False,misc,misc
inv-0098,1240,1755,1030,603,10,10,1,False,misc,misc
inv-0098,1240,1755,59,622,196,28,49,False,misc,misc
inv-0098,1240,1755,359,616,244,46,23,False,misc,misc
inv-0098,1240,1755,727,619,195,27,40,False,misc,misc
inv-0098,1240,1755,994,650,40,8,7,False,misc,misc
inv-0098,1240,1755,1099,631,144,26,16,False,misc,misc
inv-0098,1240,1755,60,691,220,13,29,False,misc,misc
inv-0098,1240,1755,60,709,195,10,25,False,misc,misc
inv-0098,1240,1755,359,723,44,8,9,False,misc,misc
inv-0098,1240,1755,576,721,28,9,4,False,misc,misc
inv-0098,1240,1755,964,719,230,20,65,False,misc,misc
inv-0098,1240,1755,645,889,258,70,13,False,misc,misc
inv-0100,1240,1755,1197,49,479,12,66,False,misc,misc
inv-0100,1240,1755,1382,62,292,11,45,False,misc,misc
inv-0100,1240,1755,61,73,480,23,35,False,doc_id,doc_id
inv-0100,1240,1755,62,105,263,22,19,False,doc_id,doc_id
inv-0100,1240,1755,58,133,251,13,25,False,info,info
inv-0100,1240,1755,57,151,371,13,39,False,info,info
inv-0100,1240,1755,58,169,272,13,31,False,info,info
inv-0100,1240,1755,58,184,900,16,99,False,info,info
inv-0100,1240,1755,58,202,945,16,111,False,info,info
inv-0100,1240,1755,58,224,216,12,26,False,info,info
inv-0100,1240,1755,727,223,12,8,2,False,info,info
inv-0100,1240,1755,58,242,198,12,25,False,info,info
inv-0100,1240,1755,58,259,389,13,40,False,info,info
inv-0100,1240,1755,58,277,283,13,33,False,info,info
inv-0100,1240,1755,58,295,316,13,34,False,info,info
inv-0100,1240,1755,58,313,538,13,65,False,info,info
inv-0100,1240,1755,58,340,235,12,28,False,info,info
inv-0100,1240,1755,59,619,198,27,47,False,misc,misc
inv-0100,1240,1755,389,627,3,7,1,False,misc,misc
inv-0100,1240,1755,467,632,100,11,11,False,misc,misc
inv-0100,1240,1755,729,616,195,27,42,False,misc,misc
inv-0100,1240,1755,992,620,36,9,2,False,misc,misc
inv-0100,1240,1755,1101,628,101,10,9,False,misc,misc
inv-0100,1240,1755,364,652,38,6,6,False,misc,misc
inv-0100,1240,1755,581,649,30,9,4,False,misc,misc
inv-0100,1240,1755,1005,648,31,7,3,False,misc,misc
inv-0100,1240,1755,1212,646,33,8,5,False,misc,misc
inv-0100,1240,1755,60,688,222,12,29,False,misc,misc
inv-0100,1240,1755,59,706,198,10,24,False,misc,misc
inv-0100,1240,1755,369,721,33,6,3,False,misc,misc
inv-0100,1240,1755,578,719,33,8,5,False,misc,misc
inv-0100,1240,1755,973,716,212,9,33,False,misc,misc
inv-0100,1240,1755,966,727,230,9,35,False,misc,misc
inv-0100,1240,1755,641,862,131,28,11,False,misc,misc
inv-0100,1240,1755,835,877,20,18,2,False,misc,misc
inv-0100,1240,1755,620,895,254,36,8,False,misc,misc
inv-0102,1240,1755,1193,35,482,10,72,False,misc,misc
inv-0102,1240,1755,57,52,481,23,34,False,doc_id,doc_id
inv-0102,1240,1755,1380,49,292,9,42,False,misc,misc
inv-0102,1240,1755,57,83,263,22,20,False,doc_id,doc_id
inv-0102,1240,1755,54,112,251,13,27,False,info,info
inv-0102,1240,1755,53,130,370,12,40,False,info,info
inv-0102,1240,1755,54,148,272,12,33,False,info,info
inv-0102,1240,1755,54,165,900,14,103,False,info,info
inv-0102,1240,1755,54,184,759,12,87,False,info,info
inv-0102,1240,1755,54,202,215,12,25,False,info,info
inv-0102,1240,1755,722,204,13,7,2,False,info,doc_id
inv-0102,1240,1755,54,220,193,12,23,False,info,info
inv-0102,1240,1755,53,238,388,12,42,False,info,info
inv-0102,1240,1755,54,256,284,12,34,False,info,info
inv-0102,1240,1755,54,273,314,13,37,False,info,info
inv-0102,1240,1755,54,292,517,12,65,False,info,info
inv-0102,1240,1755,53,318,235,12,27,False,info,info
inv-0102,1240,1755,54,629,197,28,48,False,misc,misc
inv-0102,1240,1755,378,609,19,44,5,False,misc,misc
inv-0102,1240,1755,460,644,101,10,10,False,misc,misc
inv-0102,1240,1755,723,628,195,28,39,False,misc,misc
inv-0102,1240,1755,1002,617,29,34,3,False,misc,misc
inv-0102,1240,1755,1095,643,100,11,11,False,misc,misc
inv-0102,1240,1755,353,661,45,9,6,False,misc,misc
inv-0102,1240,1755,572,661,33,9,5,False,misc,misc
inv-0102,1240,1755,989,661,44,9,7,False,misc,misc
inv-0102,1240,1755,1206,661,33,9,5,False,misc,misc
inv-0102,1240,1755,369,685,5,8,1,False,misc,misc
inv-0102,1240,1755,987,685,3,9,1,False,misc,misc
inv-0102,1240,1755,54,698,222,12,30,False,misc,misc
inv-0102,1240,1755,54,716,197,10,25,False,misc,misc
inv-0102,1240,1755,354,730,44,9,8,False,misc,misc
inv-0102,1240,1755,572,730,33,9,5,False,misc,misc
inv-0102,1240,1755,966,730,212,8,36,False,misc,misc
inv-0102,1240,1755,959,741,231,9,38,False,misc,misc
inv-0103,1755,1240,83,242,632,29,34,False,doc_id,doc_id
inv-0103,1755,1240,926,246,98,19,4,False,misc,misc
inv-0103,1755,1240,81,305,918,19,76,False,info,info
inv-0103,1755,1240,81,328,591,21,49,False,info,info
inv-0103,1755,1240,80,365,954,18,78,False,info,info
inv-0103,1755,1240,215,391,225,18,18,False,info,info
inv-0103,1755,1240,93,410,903,21,75,False,info,info
inv-0103,1755,1240,84,433,866,22,79,False,info,info
inv-0103,1755,1240,216,462,386,18,40,False,info,info
inv-0103,1755,1240,80,497,94,14,9,False,info,info
inv-0103,1755,1240,217,497,588,18,51,False,info,info
inv-0103,1755,1240,853,705,56,14,5,False,total,total
inv-0103,1755,1240,979,704,82,17,7,False,total,total
inv-0103,1755,1240,748,729,161,17,12,False,total,total
inv-0103,1755,1240,988,729,72,17,7,False,total,total
inv-0103,1755,1240,769,753,140,15,13,False,total,total
inv-0103,1755,1240,979,753,82,17,7,False,total,total
inv-0103,1755,1240,78,778,411,18,33,False,verif,verif
inv-0103,1755,1240,77,802,598,18,47,False,verif,verif
inv-0103,1755,1240,77,837,92,15,9,False,misc,misc
inv-0103,1755,1240,77,860,623,19,56,False,misc,misc
inv-0103,1755,1240,77,883,903,18,78,False,misc,misc
inv-0103,1755,1240,77,905,936,19,83,False,misc,misc
inv-0103,1755,1240,77,932,80,14,8,False,misc,misc
inv-0103,1755,1240,77,987,132,18,8,False,misc,misc
inv-0103,1755,1240,324,975,61,29,2,False,misc,misc
inv-0103,1755,1240,513,989,106,15,9,False,misc,misc
inv-0103,1755,1240,664,987,92,18,6,False,misc,misc
inv-0103,1755,1240,846,973,39,31,1,False,misc,misc
inv-0103,1755,1240,952,988,110,13,10,False,misc,misc
inv-0103,1755,1240,338,1013,23,20,1,False,misc,misc
inv-0103,1755,1240,836,1020,19,12,1,False,misc,misc
inv-0103,1755,1240,875,1066,143,27,14,False,misc,misc
inv-0103,1755,1240,873,1095,179,51,26,False,misc,misc
inv-0103,1755,1240,103,1231,146,20,14,False,misc,misc
inv-0103,1755,1240,103,1255,183,21,13,False,misc,misc
inv-0103,1755,1240,108,1285,122,20,9,False,misc,misc
inv-0103,1755,1240,320,1519,82,23,7,False,misc,misc
inv-0103,1755,1240,249,1544,189,25,18,False,misc,misc
inv-0103,1755,1240,320,1575,57,18,7,False,misc,misc
inv-0103,1755,1240,211,1630,94,34,1,False,misc,misc
inv-0103,1755,1240,226,1603,307,57,2,False,misc,misc
inv-0103,1755,1240,423,1602,117,39,2,False,misc,misc
inv-0103,1755,1240,832,1610,266,48,5,False,misc,misc
inv-0103,1755,1240,791,214,35,14,2,False,misc,misc
inv-0113,1755,1240,802,81,361,32,17,False,misc,misc
inv-0113,1755,1240,662,125,504,21,39,False,misc,misc
inv-0113,1755,1240,282,155,884,22,70,False,misc,misc
inv-0113,1755,1240,82,376,550,27,33,False,doc_id,doc_id
inv-0113,1755,1240,79,445,1065,40,166,False,info,info
inv-0113,1755,1240,80,526,93,15,9,False,info,info
inv-0113,1755,1240,256,512,888,41,152,False,info,info
inv-0113,1755,1240,80,583,97,17,9,False,info,info
inv-0113,1755,1240,257,580,703,19,65,False,info,info
inv-0113,1755,1240,80,624,1041,42,148,False,info,info
inv-0113,1755,1240,79,672,390,15,37,False,info,info
inv-0113,1755,1240,971,812,57,14,6,False,total,total
inv-0113,1755,1240,1084,811,93,17,9,False,total,total
inv-0113,1755,1240,864,836,164,17,13,False,total,total
inv-0113,1755,1240,1105,836,72,17,7,False,total,total
inv-0113,1755,1240,886,862,142,13,14,False,total,total
inv-0113,1755,1240,1084,861,93,16,9,False,total,total
inv-0113,1755,1240,81,888,424,19,36,False,verif,verif
inv-0113,1755,1240,80,913,568,19,48,False,verif,verif
inv-0113,1755,1240,716,949,73,52,2,False,misc,misc
inv-0113,1755,1240,82,1016,126,18,12,False,misc,misc
inv-0113,1755,1240,278,1014,220,18,19,False,misc,misc
inv-0113,1755,1240,568,1003,203,30,4,False,misc,misc
inv-0113,1755,1240,929,1011,195,16,18,False,misc,misc
inv-0113,1755,1240,82,1112,175,17,16,False,misc,misc
inv-0113,1755,1240,348,1042,77,10,8,False,misc,misc
inv-0113,1755,1240,508,1036,332,92,52,False,misc,misc
inv-0113,1755,1240,930,1037,195,86,34,False,misc,misc
inv-0113,1755,1240,617,1132,220,36,24,False,misc,misc
inv-0113,1755,1240,948,1133,159,14,17,False,misc,misc
inv-0113,1755,1240,632,1167,202,77,30,False,misc,misc
